Country/Region,Cumulative Confirmed Cases,Total New Confirmed Cases,Cumulative Deaths,Total New Deaths,Classification of Transmission,Date,Retrieved,Report Number
Territory/Area  †,confirmed ‡  cases,confirmed new cases,deaths,new deaths,classification§,03/04/2020,2020-04-07 14:30:08.664633+10:00,74
China,82802,78,3331,4,Local transmission,03/04/2020,2020-04-07 14:30:08.664633+10:00,74
Republic of Korea,10062,86,174,5,Local transmission,03/04/2020,2020-04-07 14:30:08.664633+10:00,74
Australia,5224,248,23,2,Local transmission,03/04/2020,2020-04-07 14:30:08.664633+10:00,74
Malaysia,3116,208,50,5,Local transmission,03/04/2020,2020-04-07 14:30:08.664633+10:00,74
Philippines,2633,322,107,11,Local transmission,03/04/2020,2020-04-07 14:30:08.664633+10:00,74
Japan,2617,233,65,8,Local transmission,03/04/2020,2020-04-07 14:30:08.664633+10:00,74
Singapore,1049,49,4,1,Local transmission,03/04/2020,2020-04-07 14:30:08.664633+10:00,74
New Zealand,774,51,1,0,Local transmission,03/04/2020,2020-04-07 14:30:08.664633+10:00,74
Viet Nam,233,15,0,0,Local transmission,03/04/2020,2020-04-07 14:30:08.664633+10:00,74
Brunei Darussalam,133,2,1,0,Local transmission,03/04/2020,2020-04-07 14:30:08.664633+10:00,74
Cambodia,110,1,0,0,Local transmission,03/04/2020,2020-04-07 14:30:08.664633+10:00,74
French Polynesia,37,0,0,0,Local transmission,03/04/2020,2020-04-07 14:30:08.664633+10:00,74
Mongolia,14,0,0,0,Imported cases only,03/04/2020,2020-04-07 14:30:08.664633+10:00,74
Lao People's,10,0,0,0,Local transmission,03/04/2020,2020-04-07 14:30:08.664633+10:00,74
Fiji,7,2,0,0,Local transmission,03/04/2020,2020-04-07 14:30:08.664633+10:00,74
Papua New Guinea,1,0,0,0,Imported cases only,03/04/2020,2020-04-07 14:30:08.664633+10:00,74
Guam,82,5,3,0,Local transmission,03/04/2020,2020-04-07 14:30:08.664633+10:00,74
New Caledonia,18,2,0,0,Local transmission,03/04/2020,2020-04-07 14:30:08.664633+10:00,74
Northern Mariana,8,2,1,1,Local transmission,03/04/2020,2020-04-07 14:30:08.664633+10:00,74
Italy,115242,4668,13917,760,Local transmission,03/04/2020,2020-04-07 14:30:08.664633+10:00,74
Spain,110238,8102,10003,950,Local transmission,03/04/2020,2020-04-07 14:30:08.664633+10:00,74
Germany,79696,6174,1017,145,Local transmission,03/04/2020,2020-04-07 14:30:08.664633+10:00,74
France,58327,2066,4490,471,Local transmission,03/04/2020,2020-04-07 14:30:08.664633+10:00,74
The United Kingdom,33722,4244,2921,389,Local transmission,03/04/2020,2020-04-07 14:30:08.664633+10:00,74
Switzerland,18844,1774,536,158,Local transmission,03/04/2020,2020-04-07 14:30:08.664633+10:00,74
Turkey,18135,2456,356,79,Local transmission,03/04/2020,2020-04-07 14:30:08.664633+10:00,74
Belgium,15348,1384,1011,183,Local transmission,03/04/2020,2020-04-07 14:30:08.664633+10:00,74
Netherlands,14697,1083,1339,166,Local transmission,03/04/2020,2020-04-07 14:30:08.664633+10:00,74
Austria,11129,418,158,12,Local transmission,03/04/2020,2020-04-07 14:30:08.664633+10:00,74
Portugal,9034,783,209,22,Local transmission,03/04/2020,2020-04-07 14:30:08.664633+10:00,74
Israel,6211,620,29,8,Local transmission,03/04/2020,2020-04-07 14:30:08.664633+10:00,74
Sweden,5466,519,282,43,Local transmission,03/04/2020,2020-04-07 14:30:08.664633+10:00,74
Norway,4935,270,42,10,Local transmission,03/04/2020,2020-04-07 14:30:08.664633+10:00,74
Czechia,3858,269,44,5,Local transmission,03/04/2020,2020-04-07 14:30:08.664633+10:00,74
Ireland,3849,402,98,13,Local transmission,03/04/2020,2020-04-07 14:30:08.664633+10:00,74
Russian Federation,3548,771.0,30.0,6.0,Local transmission,03/04/2020,2020-04-07 14:30:08.664633+10:00,74
Denmark,3386,279.0,123.0,19.0,Local transmission,03/04/2020,2020-04-07 14:30:08.664633+10:00,74
Poland,2946,392.0,57.0,14.0,Local transmission,03/04/2020,2020-04-07 14:30:08.664633+10:00,74
Romania,2738,278.0,94.0,9.0,Local transmission,03/04/2020,2020-04-07 14:30:08.664633+10:00,74
Luxembourg,2487,168.0,30.0,1.0,Local transmission,03/04/2020,2020-04-07 14:30:08.664633+10:00,74
Finland,1518,72.0,19.0,2.0,Local transmission,03/04/2020,2020-04-07 14:30:08.664633+10:00,74
Greece,1514,139.0,53.0,3.0,Local transmission,03/04/2020,2020-04-07 14:30:08.664633+10:00,74
Iceland,1319,99.0,4.0,2.0,Local transmission,03/04/2020,2020-04-07 14:30:08.664633+10:00,74
Serbia,1171,111.0,13.0,0.0,Local transmission,03/04/2020,2020-04-07 14:30:08.664633+10:00,74
Croatia,1011,48.0,7.0,1.0,Local transmission,03/04/2020,2020-04-07 14:30:08.664633+10:00,74
Ukraine,987,183.0,23.0,3.0,Local transmission,03/04/2020,2020-04-07 14:30:08.664633+10:00,74
Republic of Moldova,591,168.0,8.0,3.0,Local transmission,03/04/2020,2020-04-07 14:30:08.664633+10:00,74
Slovenia,897,56.0,16.0,1.0,Local transmission,03/04/2020,2020-04-07 14:30:08.664633+10:00,74
Estonia,858,79.0,11.0,6.0,Local transmission,03/04/2020,2020-04-07 14:30:08.664633+10:00,74
Lithuania,649,68.0,9.0,1.0,Local transmission,03/04/2020,2020-04-07 14:30:08.664633+10:00,74
Armenia,640,69.0,4.0,1.0,Local transmission,03/04/2020,2020-04-07 14:30:08.664633+10:00,74
Hungary,585,60.0,21.0,1.0,Local transmission,03/04/2020,2020-04-07 14:30:08.664633+10:00,74
"Bosnia andHerzegovina",521,57.0,16.0,3.0,Local transmission,03/04/2020,2020-04-07 14:30:08.664633+10:00,74
Latvia,458,12.0,0.0,0.0,Local transmission,03/04/2020,2020-04-07 14:30:08.664633+10:00,74
Bulgaria,457,35.0,10.0,0.0,Local transmission,03/04/2020,2020-04-07 14:30:08.664633+10:00,74
Kazakhstan,435,49.0,3.0,0.0,Local transmission,03/04/2020,2020-04-07 14:30:08.664633+10:00,74
Andorra,429,33.0,15.0,2.0,Local transmission,03/04/2020,2020-04-07 14:30:08.664633+10:00,74
Slovakia,426,26.0,0.0,0.0,Local transmission,03/04/2020,2020-04-07 14:30:08.664633+10:00,74
Azerbaijan,400,41.0,5.0,0.0,Local transmission,03/04/2020,2020-04-07 14:30:08.664633+10:00,74
North Macedonia,384,30.0,11.0,0.0,Local transmission,03/04/2020,2020-04-07 14:30:08.664633+10:00,74
Cyprus,356,36.0,9.0,0.0,Local transmission,03/04/2020,2020-04-07 14:30:08.664633+10:00,74
Albania,277,0.0,16.0,1.0,Local transmission,03/04/2020,2020-04-07 14:30:08.664633+10:00,74
Belarus,254,62.0,4.0,2.0,Local transmission,03/04/2020,2020-04-07 14:30:08.664633+10:00,74
San Marino,245,9.0,30.0,2.0,Local transmission,03/04/2020,2020-04-07 14:30:08.664633+10:00,74
Uzbekistan,221,31.0,2.0,0.0,Local transmission,03/04/2020,2020-04-07 14:30:08.664633+10:00,74
Malta,195,7.0,0.0,0.0,Local transmission,03/04/2020,2020-04-07 14:30:08.664633+10:00,74
Georgia,148,27.0,0.0,0.0,Local transmission,03/04/2020,2020-04-07 14:30:08.664633+10:00,74
Montenegro,140,20.0,2.0,0.0,Local transmission,03/04/2020,2020-04-07 14:30:08.664633+10:00,74
Kyrgyzstan,130,15.0,1.0,1.0,Local transmission,03/04/2020,2020-04-07 14:30:08.664633+10:00,74
Liechtenstein,75,3.0,0.0,0.0,Under investigation,03/04/2020,2020-04-07 14:30:08.664633+10:00,74
Monaco,37,0.0,0.0,0.0,Local transmission,03/04/2020,2020-04-07 14:30:08.664633+10:00,74
Holy See,7,1.0,0.0,0.0,Under investigation,03/04/2020,2020-04-07 14:30:08.664633+10:00,74
Faroe Islands,177,4.0,0.0,0.0,Local transmission,03/04/2020,2020-04-07 14:30:08.664633+10:00,74
Kosovo[1],126,1.0,1.0,0.0,Local transmission,03/04/2020,2020-04-07 14:30:08.664633+10:00,74
Gibraltar,81,12.0,0.0,0.0,Local transmission,03/04/2020,2020-04-07 14:30:08.664633+10:00,74
Jersey,81,0.0,2.0,0.0,Local transmission,03/04/2020,2020-04-07 14:30:08.664633+10:00,74
Guernsey,91,13.0,1.0,0.0,Local transmission,03/04/2020,2020-04-07 14:30:08.664633+10:00,74
Isle of Man,71,6.0,1.0,1.0,Local transmission,03/04/2020,2020-04-07 14:30:08.664633+10:00,74
Greenland,10,0.0,0.0,0.0,Under investigation,03/04/2020,2020-04-07 14:30:08.664633+10:00,74
India,1965,329.0,50.0,12.0,Local transmission,03/04/2020,2020-04-07 14:30:08.664633+10:00,74
Thailand,1875,104.0,15.0,3.0,Local transmission,03/04/2020,2020-04-07 14:30:08.664633+10:00,74
Indonesia,1790,113.0,170.0,13.0,Local transmission,03/04/2020,2020-04-07 14:30:08.664633+10:00,74
Sri Lanka,148,5.0,3.0,1.0,Local transmission,03/04/2020,2020-04-07 14:30:08.664633+10:00,74
Bangladesh,56,2.0,6.0,0.0,Local transmission,03/04/2020,2020-04-07 14:30:08.664633+10:00,74
Maldives,19,1.0,0.0,0.0,Local transmission,03/04/2020,2020-04-07 14:30:08.664633+10:00,74
Myanmar,16,1.0,1.0,0.0,Local transmission,03/04/2020,2020-04-07 14:30:08.664633+10:00,74
Nepal,6,1.0,0.0,0.0,Imported cases only,03/04/2020,2020-04-07 14:30:08.664633+10:00,74
Bhutan,5,1.0,0.0,0.0,Local transmission,03/04/2020,2020-04-07 14:30:08.664633+10:00,74
Timor-Leste,1,0.0,0.0,0.0,Imported cases only,03/04/2020,2020-04-07 14:30:08.664633+10:00,74
"Iran (Islamic Republicof)",50468,2875.0,3160.0,124.0,Local transmission,03/04/2020,2020-04-07 14:30:08.664633+10:00,74
Pakistan,2450,159.0,35.0,4.0,Local transmission,03/04/2020,2020-04-07 14:30:08.664633+10:00,74
Saudi Arabia,1885,165.0,21.0,5.0,Local transmission,03/04/2020,2020-04-07 14:30:08.664633+10:00,74
United Arab Emirates,1024,210.0,8.0,0.0,Local transmission,03/04/2020,2020-04-07 14:30:08.664633+10:00,74
Qatar,949,114.0,3.0,1.0,Local transmission,03/04/2020,2020-04-07 14:30:08.664633+10:00,74
Egypt,865,86.0,58.0,6.0,Local transmission,03/04/2020,2020-04-07 14:30:08.664633+10:00,74
Iraq,772,44.0,54.0,2.0,Local transmission,03/04/2020,2020-04-07 14:30:08.664633+10:00,74
Morocco,735,59.0,47.0,8.0,Local transmission,03/04/2020,2020-04-07 14:30:08.664633+10:00,74
Bahrain,643,74.0,4.0,0.0,Local transmission,03/04/2020,2020-04-07 14:30:08.664633+10:00,74
Lebanon,508,29.0,17.0,5.0,Local transmission,03/04/2020,2020-04-07 14:30:08.664633+10:00,74
Tunisia,455,32.0,14.0,2.0,Local transmission,03/04/2020,2020-04-07 14:30:08.664633+10:00,74
Kuwait,417,100.0,0.0,0.0,Local transmission,03/04/2020,2020-04-07 14:30:08.664633+10:00,74
Jordan,299,21.0,5.0,0.0,Local transmission,03/04/2020,2020-04-07 14:30:08.664633+10:00,74
Afghanistan,269,34.0,5.0,1.0,Local transmission,03/04/2020,2020-04-07 14:30:08.664633+10:00,74
Oman,252,21.0,2.0,1.0,Local transmission,03/04/2020,2020-04-07 14:30:08.664633+10:00,74
Djibouti,41,7.0,0.0,0.0,Local transmission,03/04/2020,2020-04-07 14:30:08.664633+10:00,74
Syrian Arab Republic,16,6.0,2.0,0.0,Imported cases only,03/04/2020,2020-04-07 14:30:08.664633+10:00,74
Libya,10,0.0,1.0,1.0,Local transmission,03/04/2020,2020-04-07 14:30:08.664633+10:00,74
Sudan,8,1.0,2.0,0.0,Local transmission,03/04/2020,2020-04-07 14:30:08.664633+10:00,74
Somalia,5,0.0,0.0,0.0,Imported cases only,03/04/2020,2020-04-07 14:30:08.664633+10:00,74
"occupied Palestinianterritory",165,31.0,1.0,0.0,Local transmission,03/04/2020,2020-04-07 14:30:08.664633+10:00,74
"United States ofAmerica",213600,26298.0,4793.0,947.0,Local transmission,03/04/2020,2020-04-07 14:30:08.664633+10:00,74
Canada,10114,1109.0,127.0,22.0,Local transmission,03/04/2020,2020-04-07 14:30:08.664633+10:00,74
Brazil,6836,1119.0,241.0,40.0,Local transmission,03/04/2020,2020-04-07 14:30:08.664633+10:00,74
Chile,3404,373.0,18.0,2.0,Local transmission,03/04/2020,2020-04-07 14:30:08.664633+10:00,74
Ecuador,3163,791.0,120.0,0.0,Local transmission,03/04/2020,2020-04-07 14:30:08.664633+10:00,74
Dominican Republic,1380,96.0,60.0,3.0,Local transmission,03/04/2020,2020-04-07 14:30:08.664633+10:00,74
Mexico,1378,163.0,37.0,8.0,Local transmission,03/04/2020,2020-04-07 14:30:08.664633+10:00,74
Peru,1323,0.0,41.0,17.0,Local transmission,03/04/2020,2020-04-07 14:30:08.664633+10:00,74
Panama,1317,136.0,32.0,2.0,Local transmission,03/04/2020,2020-04-07 14:30:08.664633+10:00,74
Argentina,1133,79.0,31.0,4.0,Local transmission,03/04/2020,2020-04-07 14:30:08.664633+10:00,74
Colombia,1065,159.0,17.0,1.0,Local transmission,03/04/2020,2020-04-07 14:30:08.664633+10:00,74
Costa Rica,375,28.0,2.0,0.0,Local transmission,03/04/2020,2020-04-07 14:30:08.664633+10:00,74
Uruguay,350,12.0,4.0,2.0,Local transmission,03/04/2020,2020-04-07 14:30:08.664633+10:00,74
Cuba,233,21.0,6.0,0.0,Local transmission,03/04/2020,2020-04-07 14:30:08.664633+10:00,74
Honduras,219,47.0,14.0,4.0,Local transmission,03/04/2020,2020-04-07 14:30:08.664633+10:00,74
"Venezuela (BolivarianRepublic of)",144,1.0,3.0,0.0,Local transmission,03/04/2020,2020-04-07 14:30:08.664633+10:00,74
"Bolivia (PlurinationalState of)",123,8.0,8.0,1.0,Local transmission,03/04/2020,2020-04-07 14:30:08.664633+10:00,74
Trinidad and Tobago,90,1.0,5.0,0.0,Local transmission,03/04/2020,2020-04-07 14:30:08.664633+10:00,74
Paraguay,77,8.0,3.0,0.0,Local transmission,03/04/2020,2020-04-07 14:30:08.664633+10:00,74
Guatemala,47,8.0,1.0,0.0,Local transmission,03/04/2020,2020-04-07 14:30:08.664633+10:00,74
Barbados,45,12.0,0.0,0.0,Local transmission,03/04/2020,2020-04-07 14:30:08.664633+10:00,74
Jamaica,44,6.0,3.0,2.0,Local transmission,03/04/2020,2020-04-07 14:30:08.664633+10:00,74
El Salvador,41,9.0,2.0,1.0,Local transmission,03/04/2020,2020-04-07 14:30:08.664633+10:00,74
Bahamas,21,6.0,1.0,1.0,Local transmission,03/04/2020,2020-04-07 14:30:08.664633+10:00,74
Guyana,19,0.0,4.0,2.0,Local transmission,03/04/2020,2020-04-07 14:30:08.664633+10:00,74
Haiti,16,0.0,0.0,0.0,Imported cases only,03/04/2020,2020-04-07 14:30:08.664633+10:00,74
Saint Lucia,13,0.0,0.0,0.0,Local transmission,03/04/2020,2020-04-07 14:30:08.664633+10:00,74
Dominica,11,0.0,0.0,0.0,Local transmission,03/04/2020,2020-04-07 14:30:08.664633+10:00,74
Grenada,10,1.0,0.0,0.0,Local transmission,03/04/2020,2020-04-07 14:30:08.664633+10:00,74
Saint Kitts and Nevis,8,0.0,0.0,0.0,Imported cases only,03/04/2020,2020-04-07 14:30:08.664633+10:00,74
Suriname,8,0.0,0.0,0.0,Imported cases only,03/04/2020,2020-04-07 14:30:08.664633+10:00,74
Antigua and Barbuda,7,0.0,0.0,0.0,Imported cases only,03/04/2020,2020-04-07 14:30:08.664633+10:00,74
Nicaragua,5,0.0,1.0,0.0,Imported cases only,03/04/2020,2020-04-07 14:30:08.664633+10:00,74
Belize,3,0.0,0.0,0.0,Local transmission,03/04/2020,2020-04-07 14:30:08.664633+10:00,74
"Saint Vincent and theGrenadines",2,1.0,0.0,0.0,Imported cases only,03/04/2020,2020-04-07 14:30:08.664633+10:00,74
Puerto Rico,316,30.0,12.0,1.0,Local transmission,03/04/2020,2020-04-07 14:30:08.664633+10:00,74
Martinique,131,3.0,3.0,0.0,Local transmission,03/04/2020,2020-04-07 14:30:08.664633+10:00,74
Guadeloupe,128,3.0,6.0,0.0,Local transmission,03/04/2020,2020-04-07 14:30:08.664633+10:00,74
Aruba,60,5.0,0.0,0.0,Local transmission,03/04/2020,2020-04-07 14:30:08.664633+10:00,74
French Guiana,55,4.0,0.0,0.0,Local transmission,03/04/2020,2020-04-07 14:30:08.664633+10:00,74
"United States VirginIslands",33,3.0,0.0,0.0,Local transmission,03/04/2020,2020-04-07 14:30:08.664633+10:00,74
Bermuda,32,0.0,0.0,0.0,Local transmission,03/04/2020,2020-04-07 14:30:08.664633+10:00,74
Cayman Islands,22,8.0,1.0,0.0,Local transmission,03/04/2020,2020-04-07 14:30:08.664633+10:00,74
Saint Martin,22,1.0,2.0,0.0,Under investigation,03/04/2020,2020-04-07 14:30:08.664633+10:00,74
Sint Maarten,18,12.0,1.0,1.0,Imported cases only,03/04/2020,2020-04-07 14:30:08.664633+10:00,74
Curaçao,11,0.0,1.0,0.0,Imported cases only,03/04/2020,2020-04-07 14:30:08.664633+10:00,74
Saint Barthélemy,6,0.0,0.0,0.0,Under investigation,03/04/2020,2020-04-07 14:30:08.664633+10:00,74
Montserrat,5,0.0,0.0,0.0,Imported cases only,03/04/2020,2020-04-07 14:30:08.664633+10:00,74
"Turks and CaicosIslands",5,0.0,0.0,0.0,Local transmission,03/04/2020,2020-04-07 14:30:08.664633+10:00,74
British Virgin Islands,3,0.0,0.0,0.0,Imported cases only,03/04/2020,2020-04-07 14:30:08.664633+10:00,74
Anguilla,2,0.0,0.0,0.0,Local transmission,03/04/2020,2020-04-07 14:30:08.664633+10:00,74
South Africa,1462,82.0,5.0,0.0,Local transmission,03/04/2020,2020-04-07 14:30:08.664633+10:00,74
Algeria,986,139.0,83.0,25.0,Local transmission,03/04/2020,2020-04-07 14:30:08.664633+10:00,74
Burkina Faso,261,0.0,14.0,0.0,Local transmission,03/04/2020,2020-04-07 14:30:08.664633+10:00,74
Cameroon,246,107.0,7.0,1.0,Local transmission,03/04/2020,2020-04-07 14:30:08.664633+10:00,74
Ghana,204,9.0,5.0,0.0,Local transmission,03/04/2020,2020-04-07 14:30:08.664633+10:00,74
Senegal,195,5.0,1.0,0.0,Local transmission,03/04/2020,2020-04-07 14:30:08.664633+10:00,74
Côte d’Ivoire,190,0.0,1.0,1.0,Local transmission,03/04/2020,2020-04-07 14:30:08.664633+10:00,74
Nigeria,174,35,2,0.0,Local transmission,03/04/2020,2020-04-07 14:30:08.664633+10:00,74
Mauritius,169,15,7,2.0,Local transmission,03/04/2020,2020-04-07 14:30:08.664633+10:00,74
Democratic Republic,134,11,13,2.0,Local transmission,03/04/2020,2020-04-07 14:30:08.664633+10:00,74
Kenya,110,29,3,2.0,Local transmission,03/04/2020,2020-04-07 14:30:08.664633+10:00,74
Rwanda,84,2,0,0.0,Local transmission,03/04/2020,2020-04-07 14:30:08.664633+10:00,74
Niger,74,0,5,0.0,Local transmission,03/04/2020,2020-04-07 14:30:08.664633+10:00,74
Madagascar,65,12,0,0.0,Local transmission,03/04/2020,2020-04-07 14:30:08.664633+10:00,74
Guinea,52,22,0,0.0,Local transmission,03/04/2020,2020-04-07 14:30:08.664633+10:00,74
Uganda,44,0,0,0.0,Local transmission,03/04/2020,2020-04-07 14:30:08.664633+10:00,74
Congo,41,19,2,0.0,Local transmission,03/04/2020,2020-04-07 14:30:08.664633+10:00,74
Togo,39,3,2,0.0,Local transmission,03/04/2020,2020-04-07 14:30:08.664633+10:00,74
Zambia,39,3,1,1.0,Local transmission,03/04/2020,2020-04-07 14:30:08.664633+10:00,74
Ethiopia,31,5,0,0.0,Local transmission,03/04/2020,2020-04-07 14:30:08.664633+10:00,74
Mali,28,0,3,3.0,Local transmission,03/04/2020,2020-04-07 14:30:08.664633+10:00,74
Eritrea,20,5,0,0.0,Imported cases only,03/04/2020,2020-04-07 14:30:08.664633+10:00,74
United Republic of,20,0,1,0.0,Local transmission,03/04/2020,2020-04-07 14:30:08.664633+10:00,74
Gabon,18,11,1,0.0,Imported cases only,03/04/2020,2020-04-07 14:30:08.664633+10:00,74
Equatorial Guinea,15,1,0,0.0,Local transmission,03/04/2020,2020-04-07 14:30:08.664633+10:00,74
Benin,13,0,0,0.0,Imported cases only,03/04/2020,2020-04-07 14:30:08.664633+10:00,74
Namibia,13,2,0,0.0,Local transmission,03/04/2020,2020-04-07 14:30:08.664633+10:00,74
Mozambique,10,0,0,0.0,Local transmission,03/04/2020,2020-04-07 14:30:08.664633+10:00,74
Seychelles,10,0,0,0.0,Imported cases only,03/04/2020,2020-04-07 14:30:08.664633+10:00,74
Eswatini,9,0,0,0.0,Imported cases only,03/04/2020,2020-04-07 14:30:08.664633+10:00,74
Guinea-Bissau,9,0,0,0.0,Imported cases only,03/04/2020,2020-04-07 14:30:08.664633+10:00,74
Angola,8,0,2,0.0,Imported cases only,03/04/2020,2020-04-07 14:30:08.664633+10:00,74
Central African,8,0,0,0.0,Imported cases only,03/04/2020,2020-04-07 14:30:08.664633+10:00,74
Zimbabwe,8,0,1,0.0,Local transmission,03/04/2020,2020-04-07 14:30:08.664633+10:00,74
Chad,7,0,0,0.0,Imported cases only,03/04/2020,2020-04-07 14:30:08.664633+10:00,74
Liberia,6,0,0,0.0,Local transmission,03/04/2020,2020-04-07 14:30:08.664633+10:00,74
Cabo Verde,5,0,1,0.0,Imported cases only,03/04/2020,2020-04-07 14:30:08.664633+10:00,74
Mauritania,5,0,0,0.0,Imported cases only,03/04/2020,2020-04-07 14:30:08.664633+10:00,74
Botswana,4,1,1,0.0,Imported cases only,03/04/2020,2020-04-07 14:30:08.664633+10:00,74
Gambia,4,1,1,0.0,Imported cases only,03/04/2020,2020-04-07 14:30:08.664633+10:00,74
Malawi,3,3,0,0.0,Local transmission,03/04/2020,2020-04-07 14:30:08.664633+10:00,74
Burundi,2,0,0,0.0,Imported cases only,03/04/2020,2020-04-07 14:30:08.664633+10:00,74
Sierra Leone,2,0,0,0.0,Imported cases only,03/04/2020,2020-04-07 14:30:08.664633+10:00,74
Réunion,308,27,0,0.0,Local transmission,03/04/2020,2020-04-07 14:30:08.664633+10:00,74
Mayotte,128,12,2,0.0,Local transmission,03/04/2020,2020-04-07 14:30:08.664633+10:00,74
conveyance (Diamond,712,0,11,0.0,Local transmission,03/04/2020,2020-04-07 14:30:08.664633+10:00,74
China,82875,73,3335,4,Local transmission,04/04/2020,2020-04-07 14:30:56.509945+10:00,75
Republic of Korea,10156,94,177,3,Local transmission,04/04/2020,2020-04-07 14:30:56.509945+10:00,75
Australia,5454,230,28,5,Local transmission,04/04/2020,2020-04-07 14:30:56.509945+10:00,75
Malaysia,3333,217,53,3,Local transmission,04/04/2020,2020-04-07 14:30:56.509945+10:00,75
Philippines,3018,385,136,29,Local transmission,04/04/2020,2020-04-07 14:30:56.509945+10:00,75
Japan,2920,303,69,4,Local transmission,04/04/2020,2020-04-07 14:30:56.509945+10:00,75
Singapore,1114,65,5,1,Local transmission,04/04/2020,2020-04-07 14:30:56.509945+10:00,75
New Zealand,824,50,1,0,Local transmission,04/04/2020,2020-04-07 14:30:56.509945+10:00,75
Viet Nam,239,6,0,0,Local transmission,04/04/2020,2020-04-07 14:30:56.509945+10:00,75
Brunei Darussalam,134,1,1,0,Local transmission,04/04/2020,2020-04-07 14:30:56.509945+10:00,75
Cambodia,114,4,0,0,Local transmission,04/04/2020,2020-04-07 14:30:56.509945+10:00,75
Mongolia,14,0,0,0,Imported cases only,04/04/2020,2020-04-07 14:30:56.509945+10:00,75
Lao People’s,10,0,0,0,Local transmission,04/04/2020,2020-04-07 14:30:56.509945+10:00,75
Fiji,7,0,0,0,Local transmission,04/04/2020,2020-04-07 14:30:56.509945+10:00,75
Papua New Guinea,1,0,0,0,Imported cases only,04/04/2020,2020-04-07 14:30:56.509945+10:00,75
Guam,84,2,3,0,Local transmission,04/04/2020,2020-04-07 14:30:56.509945+10:00,75
French Polynesia,39,2,0,0,Local transmission,04/04/2020,2020-04-07 14:30:56.509945+10:00,75
New Caledonia,18,0,0,0,Local transmission,04/04/2020,2020-04-07 14:30:56.509945+10:00,75
Northern Mariana,8,0,1,0,Local transmission,04/04/2020,2020-04-07 14:30:56.509945+10:00,75
Italy,119827,4585,14681,764,Local transmission,04/04/2020,2020-04-07 14:30:56.509945+10:00,75
Spain,117710,7472,10935,932,Local transmission,04/04/2020,2020-04-07 14:30:56.509945+10:00,75
Germany,85778,6082,1158,141,Local transmission,04/04/2020,2020-04-07 14:30:56.509945+10:00,75
France,63536,5209,6493,2003,Local transmission,04/04/2020,2020-04-07 14:30:56.509945+10:00,75
The United Kingdom,38172,4450,3605,684,Local transmission,04/04/2020,2020-04-07 14:30:56.509945+10:00,75
Turkey,20921,2786,425,69,Local transmission,04/04/2020,2020-04-07 14:30:56.509945+10:00,75
Switzerland,19706,862,607,71,Local transmission,04/04/2020,2020-04-07 14:30:56.509945+10:00,75
Belgium,16770,1422,1143,132,Local transmission,04/04/2020,2020-04-07 14:30:56.509945+10:00,75
Netherlands,15723,1026,1487,148,Local transmission,04/04/2020,2020-04-07 14:30:56.509945+10:00,75
Austria,11525,396,168,10,Local transmission,04/04/2020,2020-04-07 14:30:56.509945+10:00,75
Portugal,9886,852,246,37,Local transmission,04/04/2020,2020-04-07 14:30:56.509945+10:00,75
Israel,7030,819,36,7,Local transmission,04/04/2020,2020-04-07 14:30:56.509945+10:00,75
Sweden,6078,612,333,51,Local transmission,04/04/2020,2020-04-07 14:30:56.509945+10:00,75
Norway,5208,273,44,2,Local transmission,04/04/2020,2020-04-07 14:30:56.509945+10:00,75
Ireland,4273,424,120,22,Local transmission,04/04/2020,2020-04-07 14:30:56.509945+10:00,75
Czechia,4190,332,53,9,Local transmission,04/04/2020,2020-04-07 14:30:56.509945+10:00,75
Russian Federation,4149,601.0,34.0,4.0,Local transmission,04/04/2020,2020-04-07 14:30:56.509945+10:00,75
Denmark,3757,371.0,139.0,16.0,Local transmission,04/04/2020,2020-04-07 14:30:56.509945+10:00,75
Poland,3383,437.0,71.0,14.0,Local transmission,04/04/2020,2020-04-07 14:30:56.509945+10:00,75
Romania,3183,445.0,133.0,39.0,Local transmission,04/04/2020,2020-04-07 14:30:56.509945+10:00,75
Luxembourg,2612,125.0,31.0,1.0,Local transmission,04/04/2020,2020-04-07 14:30:56.509945+10:00,75
Finland,1615,97.0,20.0,1.0,Local transmission,04/04/2020,2020-04-07 14:30:56.509945+10:00,75
Greece,1613,99.0,59.0,6.0,Local transmission,04/04/2020,2020-04-07 14:30:56.509945+10:00,75
Serbia,1476,305.0,39.0,26.0,Local transmission,04/04/2020,2020-04-07 14:30:56.509945+10:00,75
Iceland,1364,45.0,4.0,0.0,Local transmission,04/04/2020,2020-04-07 14:30:56.509945+10:00,75
Ukraine,1096,109.0,28.0,5.0,Local transmission,04/04/2020,2020-04-07 14:30:56.509945+10:00,75
Croatia,1079,68.0,8.0,1.0,Local transmission,04/04/2020,2020-04-07 14:30:56.509945+10:00,75
Estonia,961,103.0,12.0,1.0,Local transmission,04/04/2020,2020-04-07 14:30:56.509945+10:00,75
Slovenia,934,37.0,20.0,4.0,Local transmission,04/04/2020,2020-04-07 14:30:56.509945+10:00,75
Lithuania,771,122.0,9.0,0.0,Local transmission,04/04/2020,2020-04-07 14:30:56.509945+10:00,75
Armenia,736,96.0,7.0,3.0,Local transmission,04/04/2020,2020-04-07 14:30:56.509945+10:00,75
Hungary,678,93.0,32.0,11.0,Local transmission,04/04/2020,2020-04-07 14:30:56.509945+10:00,75
Republic of Moldova,591,0.0,9.0,1.0,Local transmission,04/04/2020,2020-04-07 14:30:56.509945+10:00,75
"Bosnia andHerzegovina",586,65.0,18.0,2.0,Local transmission,04/04/2020,2020-04-07 14:30:56.509945+10:00,75
Latvia,493,35.0,1.0,1.0,Local transmission,04/04/2020,2020-04-07 14:30:56.509945+10:00,75
Bulgaria,485,28.0,14.0,4.0,Local transmission,04/04/2020,2020-04-07 14:30:56.509945+10:00,75
Kazakhstan,460,25.0,3.0,0.0,Local transmission,04/04/2020,2020-04-07 14:30:56.509945+10:00,75
Slovakia,450,24.0,0.0,0.0,Local transmission,04/04/2020,2020-04-07 14:30:56.509945+10:00,75
Azerbaijan,443,43.0,5.0,0.0,Local transmission,04/04/2020,2020-04-07 14:30:56.509945+10:00,75
Andorra,442,13.0,16.0,1.0,Local transmission,04/04/2020,2020-04-07 14:30:56.509945+10:00,75
North Macedonia,430,46.0,12.0,1.0,Local transmission,04/04/2020,2020-04-07 14:30:56.509945+10:00,75
Cyprus,396,40.0,11.0,2.0,Local transmission,04/04/2020,2020-04-07 14:30:56.509945+10:00,75
Albania,333,56.0,17.0,1.0,Local transmission,04/04/2020,2020-04-07 14:30:56.509945+10:00,75
Belarus,254,0.0,4.0,0.0,Local transmission,04/04/2020,2020-04-07 14:30:56.509945+10:00,75
San Marino,252,7.0,32.0,2.0,Local transmission,04/04/2020,2020-04-07 14:30:56.509945+10:00,75
Uzbekistan,241,20.0,2.0,0.0,Local transmission,04/04/2020,2020-04-07 14:30:56.509945+10:00,75
Malta,202,7.0,0.0,0.0,Local transmission,04/04/2020,2020-04-07 14:30:56.509945+10:00,75
Montenegro,160,20.0,2.0,0.0,Local transmission,04/04/2020,2020-04-07 14:30:56.509945+10:00,75
Georgia,157,9.0,0.0,0.0,Local transmission,04/04/2020,2020-04-07 14:30:56.509945+10:00,75
Kyrgyzstan,144,14.0,1.0,0.0,Local transmission,04/04/2020,2020-04-07 14:30:56.509945+10:00,75
Liechtenstein,76,1.0,0.0,0.0,Under investigation,04/04/2020,2020-04-07 14:30:56.509945+10:00,75
Monaco,37,0.0,0.0,0.0,Local transmission,04/04/2020,2020-04-07 14:30:56.509945+10:00,75
Holy See,7,0.0,0.0,0.0,Under investigation,04/04/2020,2020-04-07 14:30:56.509945+10:00,75
Faroe Islands,179,2.0,0.0,0.0,Local transmission,04/04/2020,2020-04-07 14:30:56.509945+10:00,75
Kosovo[1],132,6.0,1.0,0.0,Local transmission,04/04/2020,2020-04-07 14:30:56.509945+10:00,75
Jersey,118,37.0,2.0,0.0,Local transmission,04/04/2020,2020-04-07 14:30:56.509945+10:00,75
Guernsey,114,23.0,2.0,1.0,Local transmission,04/04/2020,2020-04-07 14:30:56.509945+10:00,75
Isle of Man,114,43.0,1.0,0.0,Local transmission,04/04/2020,2020-04-07 14:30:56.509945+10:00,75
Gibraltar,95,14.0,1.0,1.0,Local transmission,04/04/2020,2020-04-07 14:30:56.509945+10:00,75
Greenland,10,0.0,0.0,0.0,Under investigation,04/04/2020,2020-04-07 14:30:56.509945+10:00,75
India,2301,336.0,56.0,6.0,Local transmission,04/04/2020,2020-04-07 14:30:56.509945+10:00,75
Indonesia,1986,196.0,181.0,11.0,Local transmission,04/04/2020,2020-04-07 14:30:56.509945+10:00,75
Thailand,1978,103.0,19.0,4.0,Local transmission,04/04/2020,2020-04-07 14:30:56.509945+10:00,75
Sri Lanka,151,3.0,4.0,1.0,Local transmission,04/04/2020,2020-04-07 14:30:56.509945+10:00,75
Bangladesh,61,5.0,6.0,0.0,Local transmission,04/04/2020,2020-04-07 14:30:56.509945+10:00,75
Myanmar,20,4.0,1.0,0.0,Local transmission,04/04/2020,2020-04-07 14:30:56.509945+10:00,75
Maldives,19,0.0,0.0,0.0,Local transmission,04/04/2020,2020-04-07 14:30:56.509945+10:00,75
Nepal,6,0.0,0.0,0.0,Imported cases only,04/04/2020,2020-04-07 14:30:56.509945+10:00,75
Bhutan,5,0.0,0.0,0.0,Imported cases only,04/04/2020,2020-04-07 14:30:56.509945+10:00,75
Timor-Leste,1,0.0,0.0,0.0,Imported cases only,04/04/2020,2020-04-07 14:30:56.509945+10:00,75
"Iran (Islamic Republicof)",53183,2715.0,3294.0,134.0,Local transmission,04/04/2020,2020-04-07 14:30:56.509945+10:00,75
Pakistan,2450,0.0,35.0,0.0,Local transmission,04/04/2020,2020-04-07 14:30:56.509945+10:00,75
Saudi Arabia,2039,154.0,25.0,4.0,Local transmission,04/04/2020,2020-04-07 14:30:56.509945+10:00,75
United Arab Emirates,1264,240.0,9.0,1.0,Local transmission,04/04/2020,2020-04-07 14:30:56.509945+10:00,75
Qatar,1075,126.0,3.0,0.0,Local transmission,04/04/2020,2020-04-07 14:30:56.509945+10:00,75
Egypt,985,120.0,66.0,8.0,Local transmission,04/04/2020,2020-04-07 14:30:56.509945+10:00,75
Morocco,844,109.0,50.0,3.0,Local transmission,04/04/2020,2020-04-07 14:30:56.509945+10:00,75
Iraq,820,48.0,54.0,0.0,Local transmission,04/04/2020,2020-04-07 14:30:56.509945+10:00,75
Bahrain,673,30.0,4.0,0.0,Local transmission,04/04/2020,2020-04-07 14:30:56.509945+10:00,75
Lebanon,508,0.0,17.0,0.0,Local transmission,04/04/2020,2020-04-07 14:30:56.509945+10:00,75
Tunisia,495,40.0,18.0,4.0,Local transmission,04/04/2020,2020-04-07 14:30:56.509945+10:00,75
Kuwait,417,0.0,0.0,0.0,Local transmission,04/04/2020,2020-04-07 14:30:56.509945+10:00,75
Jordan,310,11.0,5.0,0.0,Local transmission,04/04/2020,2020-04-07 14:30:56.509945+10:00,75
Oman,277,25.0,1.0,0.0,Local transmission,04/04/2020,2020-04-07 14:30:56.509945+10:00,75
Afghanistan,270,1.0,5.0,0.0,Local transmission,04/04/2020,2020-04-07 14:30:56.509945+10:00,75
Djibouti,50,9.0,0.0,0.0,Local transmission,04/04/2020,2020-04-07 14:30:56.509945+10:00,75
Libya,17,7.0,1.0,0.0,Local transmission,04/04/2020,2020-04-07 14:30:56.509945+10:00,75
Syrian Arab Republic,16,0.0,2.0,0.0,Imported cases only,04/04/2020,2020-04-07 14:30:56.509945+10:00,75
Sudan,10,2.0,2.0,0.0,Local transmission,04/04/2020,2020-04-07 14:30:56.509945+10:00,75
Somalia,7,2.0,0.0,0.0,Imported cases only,04/04/2020,2020-04-07 14:30:56.509945+10:00,75
"occupied Palestinianterritory",193,28.0,1.0,0.0,Local transmission,04/04/2020,2020-04-07 14:30:56.509945+10:00,75
"United States ofAmerica",241703,28103.0,5854.0,1061.0,Local transmission,04/04/2020,2020-04-07 14:30:56.509945+10:00,75
Canada,11732,1618.0,152.0,25.0,Local transmission,04/04/2020,2020-04-07 14:30:56.509945+10:00,75
Brazil,7910,1074.0,299.0,58.0,Local transmission,04/04/2020,2020-04-07 14:30:56.509945+10:00,75
Chile,3737,333.0,22.0,4.0,Local transmission,04/04/2020,2020-04-07 14:30:56.509945+10:00,75
Ecuador,3163,0.0,120.0,0.0,Local transmission,04/04/2020,2020-04-07 14:30:56.509945+10:00,75
Mexico,1510,132.0,50.0,13.0,Local transmission,04/04/2020,2020-04-07 14:30:56.509945+10:00,75
Dominican Republic,1488,108.0,68.0,8.0,Local transmission,04/04/2020,2020-04-07 14:30:56.509945+10:00,75
Panama,1475,158.0,37.0,5.0,Local transmission,04/04/2020,2020-04-07 14:30:56.509945+10:00,75
Peru,1414,91.0,51.0,10.0,Local transmission,04/04/2020,2020-04-07 14:30:56.509945+10:00,75
Argentina,1265,132.0,37.0,6.0,Local transmission,04/04/2020,2020-04-07 14:30:56.509945+10:00,75
Colombia,1161,96.0,19.0,2.0,Local transmission,04/04/2020,2020-04-07 14:30:56.509945+10:00,75
Costa Rica,396,21.0,2.0,0.0,Local transmission,04/04/2020,2020-04-07 14:30:56.509945+10:00,75
Uruguay,369,19.0,4.0,0.0,Local transmission,04/04/2020,2020-04-07 14:30:56.509945+10:00,75
Cuba,269,36.0,6.0,0.0,Local transmission,04/04/2020,2020-04-07 14:30:56.509945+10:00,75
Honduras,222,3.0,15.0,1.0,Local transmission,04/04/2020,2020-04-07 14:30:56.509945+10:00,75
"Venezuela (BolivarianRepublic of)",144,0.0,3.0,0.0,Local transmission,04/04/2020,2020-04-07 14:30:56.509945+10:00,75
"Bolivia (PlurinationalState of)",132,9.0,9.0,1.0,Local transmission,04/04/2020,2020-04-07 14:30:56.509945+10:00,75
Trinidad and Tobago,97,7.0,6.0,1.0,Local transmission,04/04/2020,2020-04-07 14:30:56.509945+10:00,75
Paraguay,92,15.0,3.0,0.0,Local transmission,04/04/2020,2020-04-07 14:30:56.509945+10:00,75
Guatemala,50,3.0,1.0,0.0,Local transmission,04/04/2020,2020-04-07 14:30:56.509945+10:00,75
Jamaica,47,3.0,3.0,0.0,Local transmission,04/04/2020,2020-04-07 14:30:56.509945+10:00,75
El Salvador,46,5.0,2.0,0.0,Local transmission,04/04/2020,2020-04-07 14:30:56.509945+10:00,75
Barbados,45,0.0,0.0,0.0,Local transmission,04/04/2020,2020-04-07 14:30:56.509945+10:00,75
Bahamas,24,3.0,3.0,2.0,Local transmission,04/04/2020,2020-04-07 14:30:56.509945+10:00,75
Guyana,19,0.0,4.0,0.0,Local transmission,04/04/2020,2020-04-07 14:30:56.509945+10:00,75
Haiti,18,2.0,0.0,0.0,Imported cases only,04/04/2020,2020-04-07 14:30:56.509945+10:00,75
Saint Lucia,13,0.0,0.0,0.0,Local transmission,04/04/2020,2020-04-07 14:30:56.509945+10:00,75
Dominica,11,0.0,0.0,0.0,Local transmission,04/04/2020,2020-04-07 14:30:56.509945+10:00,75
Grenada,10,0.0,0.0,0.0,Local transmission,04/04/2020,2020-04-07 14:30:56.509945+10:00,75
Suriname,10,2.0,0.0,0.0,Local transmission,04/04/2020,2020-04-07 14:30:56.509945+10:00,75
Saint Kitts and Nevis,8,0.0,0.0,0.0,Imported cases only,04/04/2020,2020-04-07 14:30:56.509945+10:00,75
Antigua and Barbuda,7,0.0,0.0,0.0,Imported cases only,04/04/2020,2020-04-07 14:30:56.509945+10:00,75
Nicaragua,5,0.0,1.0,0.0,Imported cases only,04/04/2020,2020-04-07 14:30:56.509945+10:00,75
Belize,3,0.0,0.0,0.0,Local transmission,04/04/2020,2020-04-07 14:30:56.509945+10:00,75
"Saint Vincent and theGrenadines",3,1.0,0.0,0.0,Imported cases only,04/04/2020,2020-04-07 14:30:56.509945+10:00,75
Puerto Rico,378,62.0,15.0,3.0,Local transmission,04/04/2020,2020-04-07 14:30:56.509945+10:00,75
Martinique,138,7.0,3.0,0.0,Local transmission,04/04/2020,2020-04-07 14:30:56.509945+10:00,75
Guadeloupe,130,2.0,7.0,1.0,Local transmission,04/04/2020,2020-04-07 14:30:56.509945+10:00,75
Aruba,62,2.0,0.0,0.0,Local transmission,04/04/2020,2020-04-07 14:30:56.509945+10:00,75
French Guiana,57,2.0,0.0,0.0,Local transmission,04/04/2020,2020-04-07 14:30:56.509945+10:00,75
"United States VirginIslands",37,4.0,0.0,0.0,Local transmission,04/04/2020,2020-04-07 14:30:56.509945+10:00,75
Bermuda,35,3.0,0.0,0.0,Local transmission,04/04/2020,2020-04-07 14:30:56.509945+10:00,75
Cayman Islands,28,6.0,1.0,0.0,Local transmission,04/04/2020,2020-04-07 14:30:56.509945+10:00,75
Sint Maarten,23,5.0,2.0,1.0,Imported cases only,04/04/2020,2020-04-07 14:30:56.509945+10:00,75
Saint Martin,22,0.0,2.0,0.0,Under investigation,04/04/2020,2020-04-07 14:30:56.509945+10:00,75
Curaçao,11,0.0,1.0,0.0,Imported cases only,04/04/2020,2020-04-07 14:30:56.509945+10:00,75
Saint Barthélemy,6,0.0,0.0,0.0,Under investigation,04/04/2020,2020-04-07 14:30:56.509945+10:00,75
Montserrat,5,0.0,0.0,0.0,Imported cases only,04/04/2020,2020-04-07 14:30:56.509945+10:00,75
"Turks and CaicosIslands",5,0.0,0.0,0.0,Local transmission,04/04/2020,2020-04-07 14:30:56.509945+10:00,75
Anguilla,3,1.0,0.0,0.0,Local transmission,04/04/2020,2020-04-07 14:30:56.509945+10:00,75
British Virgin Islands,3,0.0,0.0,0.0,Imported cases only,04/04/2020,2020-04-07 14:30:56.509945+10:00,75
"Bonaire, Sint Eustatiusand Saba",2,2.0,0.0,0.0,Imported cases only,04/04/2020,2020-04-07 14:30:56.509945+10:00,75
South Africa,1505,43.0,7.0,2.0,Local transmission,04/04/2020,2020-04-07 14:30:56.509945+10:00,75
Algeria,986,0.0,83.0,0.0,Local transmission,04/04/2020,2020-04-07 14:30:56.509945+10:00,75
Burkina Faso,261,0.0,15.0,1.0,Local transmission,04/04/2020,2020-04-07 14:30:56.509945+10:00,75
Cameroon,246,0.0,7.0,0.0,Local transmission,04/04/2020,2020-04-07 14:30:56.509945+10:00,75
Senegal,207,12.0,1.0,0.0,Local transmission,04/04/2020,2020-04-07 14:30:56.509945+10:00,75
Ghana,204,0,5,0.0,Local transmission,04/04/2020,2020-04-07 14:30:56.509945+10:00,75
Côte d’Ivoire,203,13,1,0.0,Local transmission,04/04/2020,2020-04-07 14:30:56.509945+10:00,75
Nigeria,190,16,2,0.0,Local transmission,04/04/2020,2020-04-07 14:30:56.509945+10:00,75
Mauritius,186,17,7,0.0,Local transmission,04/04/2020,2020-04-07 14:30:56.509945+10:00,75
Democratic Republic,134,0,13,0.0,Local transmission,04/04/2020,2020-04-07 14:30:56.509945+10:00,75
Kenya,122,12,4,1.0,Local transmission,04/04/2020,2020-04-07 14:30:56.509945+10:00,75
Niger,98,24,5,0.0,Local transmission,04/04/2020,2020-04-07 14:30:56.509945+10:00,75
Rwanda,89,5,0,0.0,Local transmission,04/04/2020,2020-04-07 14:30:56.509945+10:00,75
Madagascar,65,0,0,0.0,Local transmission,04/04/2020,2020-04-07 14:30:56.509945+10:00,75
Guinea,52,0,0,0.0,Local transmission,04/04/2020,2020-04-07 14:30:56.509945+10:00,75
Uganda,45,1,0,0.0,Local transmission,04/04/2020,2020-04-07 14:30:56.509945+10:00,75
Congo,41,0,3,1.0,Local transmission,04/04/2020,2020-04-07 14:30:56.509945+10:00,75
Togo,39,0,2,0.0,Local transmission,04/04/2020,2020-04-07 14:30:56.509945+10:00,75
Zambia,39,0,1,0.0,Local transmission,04/04/2020,2020-04-07 14:30:56.509945+10:00,75
Mali,36,8,3,0.0,Local transmission,04/04/2020,2020-04-07 14:30:56.509945+10:00,75
Ethiopia,35,4,0,0.0,Local transmission,04/04/2020,2020-04-07 14:30:56.509945+10:00,75
Gabon,21,3,1,0.0,Imported cases only,04/04/2020,2020-04-07 14:30:56.509945+10:00,75
Eritrea,20,0,0,0.0,Local transmission,04/04/2020,2020-04-07 14:30:56.509945+10:00,75
United Republic of,20,0,1,0.0,Local transmission,04/04/2020,2020-04-07 14:30:56.509945+10:00,75
Equatorial Guinea,15,0,0,0.0,Local transmission,04/04/2020,2020-04-07 14:30:56.509945+10:00,75
Guinea-Bissau,15,6,0,0.0,Imported cases only,04/04/2020,2020-04-07 14:30:56.509945+10:00,75
Benin,13,0,0,0.0,Imported cases only,04/04/2020,2020-04-07 14:30:56.509945+10:00,75
Namibia,13,0,0,0.0,Local transmission,04/04/2020,2020-04-07 14:30:56.509945+10:00,75
Angola,10,2,2,0.0,Imported cases only,04/04/2020,2020-04-07 14:30:56.509945+10:00,75
Mozambique,10,0,0,0.0,Local transmission,04/04/2020,2020-04-07 14:30:56.509945+10:00,75
Seychelles,10,0,0,0.0,Imported cases only,04/04/2020,2020-04-07 14:30:56.509945+10:00,75
Eswatini,9,0,0,0.0,Imported cases only,04/04/2020,2020-04-07 14:30:56.509945+10:00,75
Zimbabwe,9,1,1,0.0,Local transmission,04/04/2020,2020-04-07 14:30:56.509945+10:00,75
Central African,8,0,0,0.0,Imported cases only,04/04/2020,2020-04-07 14:30:56.509945+10:00,75
Chad,7,0,0,0.0,Imported cases only,04/04/2020,2020-04-07 14:30:56.509945+10:00,75
Liberia,7,1,0,0.0,Local transmission,04/04/2020,2020-04-07 14:30:56.509945+10:00,75
Mauritania,6,1,1,1.0,Imported cases only,04/04/2020,2020-04-07 14:30:56.509945+10:00,75
Cabo Verde,5,0,1,0.0,Imported cases only,04/04/2020,2020-04-07 14:30:56.509945+10:00,75
Botswana,4,0,1,0.0,Imported cases only,04/04/2020,2020-04-07 14:30:56.509945+10:00,75
Gambia,4,0,1,0.0,Imported cases only,04/04/2020,2020-04-07 14:30:56.509945+10:00,75
Burundi,3,1,0,0.0,Local transmission,04/04/2020,2020-04-07 14:30:56.509945+10:00,75
Malawi,3,0,0,0.0,Local transmission,04/04/2020,2020-04-07 14:30:56.509945+10:00,75
Sierra Leone,2,0,0,0.0,Imported cases only,04/04/2020,2020-04-07 14:30:56.509945+10:00,75
Réunion,321,13,0,0.0,Local transmission,04/04/2020,2020-04-07 14:30:56.509945+10:00,75
Mayotte,128,0,2,0.0,Local transmission,04/04/2020,2020-04-07 14:30:56.509945+10:00,75
conveyance (Diamond,712,0,11,0.0,Local transmission,04/04/2020,2020-04-07 14:30:56.509945+10:00,75
China,82930,55,3338,3,Local transmission,05/04/2020,2020-04-07 14:31:43.814617+10:00,76
Republic of Korea,10237,81,183,6,Local transmission,05/04/2020,2020-04-07 14:31:43.814617+10:00,76
Australia,5635,181,34,6,Local transmission,05/04/2020,2020-04-07 14:31:43.814617+10:00,76
Malaysia,3483,150,57,4,Local transmission,05/04/2020,2020-04-07 14:31:43.814617+10:00,76
Japan,3271,351,70,1,Local transmission,05/04/2020,2020-04-07 14:31:43.814617+10:00,76
Philippines,3094,76,144,8,Local transmission,05/04/2020,2020-04-07 14:31:43.814617+10:00,76
Singapore,1189,75,5,0,Local transmission,05/04/2020,2020-04-07 14:31:43.814617+10:00,76
New Zealand,872,48,1,0,Local transmission,05/04/2020,2020-04-07 14:31:43.814617+10:00,76
Viet Nam,240,1,0,0,Local transmission,05/04/2020,2020-04-07 14:31:43.814617+10:00,76
Brunei Darussalam,135,1,1,0,Local transmission,05/04/2020,2020-04-07 14:31:43.814617+10:00,76
Cambodia,114,0,0,0,Local transmission,05/04/2020,2020-04-07 14:31:43.814617+10:00,76
Mongolia,14,0,0,0,Imported cases only,05/04/2020,2020-04-07 14:31:43.814617+10:00,76
Fiji,12,5,0,0,Local transmission,05/04/2020,2020-04-07 14:31:43.814617+10:00,76
Lao People's,10,0,0,0,Local transmission,05/04/2020,2020-04-07 14:31:43.814617+10:00,76
Papua New Guinea,1,0,0,0,Imported cases only,05/04/2020,2020-04-07 14:31:43.814617+10:00,76
Guam,93,9,4,1,Local transmission,05/04/2020,2020-04-07 14:31:43.814617+10:00,76
French Polynesia,40,1,0,0,Local transmission,05/04/2020,2020-04-07 14:31:43.814617+10:00,76
New Caledonia,18,0,0,0,Local transmission,05/04/2020,2020-04-07 14:31:43.814617+10:00,76
Northern Mariana,8,0,1,0,Local transmission,05/04/2020,2020-04-07 14:31:43.814617+10:00,76
Spain,124736,7026,11744,809,Local transmission,05/04/2020,2020-04-07 14:31:43.814617+10:00,76
Italy,124632,4805,15362,681,Local transmission,05/04/2020,2020-04-07 14:31:43.814617+10:00,76
Germany,91714,5936,1342,184,Local transmission,05/04/2020,2020-04-07 14:31:43.814617+10:00,76
France,67757,4221,7546,1053,Local transmission,05/04/2020,2020-04-07 14:31:43.814617+10:00,76
The United Kingdom,41907,3735,4313,708,Local transmission,05/04/2020,2020-04-07 14:31:43.814617+10:00,76
Turkey,23934,3013,501,76,Local transmission,05/04/2020,2020-04-07 14:31:43.814617+10:00,76
Switzerland,20489,783,666,59,Local transmission,05/04/2020,2020-04-07 14:31:43.814617+10:00,76
Belgium,18431,1661,1283,140,Local transmission,05/04/2020,2020-04-07 14:31:43.814617+10:00,76
Netherlands,16627,904,1651,164,Local transmission,05/04/2020,2020-04-07 14:31:43.814617+10:00,76
Austria,11766,241,186,18,Local transmission,05/04/2020,2020-04-07 14:31:43.814617+10:00,76
Portugal,10524,638,266,20,Local transmission,05/04/2020,2020-04-07 14:31:43.814617+10:00,76
Israel,7589,559,42,6,Local transmission,05/04/2020,2020-04-07 14:31:43.814617+10:00,76
Sweden,6443,365,373,40,Local transmission,05/04/2020,2020-04-07 14:31:43.814617+10:00,76
Norway,5510,302,50,6,Local transmission,05/04/2020,2020-04-07 14:31:43.814617+10:00,76
Russian Federation,4731,582,43,9,Local transmission,05/04/2020,2020-04-07 14:31:43.814617+10:00,76
Ireland,4604,331,137,17,Local transmission,05/04/2020,2020-04-07 14:31:43.814617+10:00,76
Czechia,4472,282.0,59.0,6.0,Local transmission,05/04/2020,2020-04-07 14:31:43.814617+10:00,76
Denmark,4077,320.0,161.0,22.0,Local transmission,05/04/2020,2020-04-07 14:31:43.814617+10:00,76
Poland,3627,244.0,79.0,8.0,Local transmission,05/04/2020,2020-04-07 14:31:43.814617+10:00,76
Romania,3613,430.0,141.0,8.0,Local transmission,05/04/2020,2020-04-07 14:31:43.814617+10:00,76
Luxembourg,2729,117.0,31.0,0.0,Local transmission,05/04/2020,2020-04-07 14:31:43.814617+10:00,76
Finland,1882,267.0,25.0,5.0,Local transmission,05/04/2020,2020-04-07 14:31:43.814617+10:00,76
Greece,1673,60.0,68.0,9.0,Local transmission,05/04/2020,2020-04-07 14:31:43.814617+10:00,76
Serbia,1624,148.0,39.0,0.0,Local transmission,05/04/2020,2020-04-07 14:31:43.814617+10:00,76
Iceland,1417,53.0,4.0,0.0,Local transmission,05/04/2020,2020-04-07 14:31:43.814617+10:00,76
Ukraine,1251,155.0,32.0,4.0,Local transmission,05/04/2020,2020-04-07 14:31:43.814617+10:00,76
Croatia,1126,47.0,12.0,4.0,Local transmission,05/04/2020,2020-04-07 14:31:43.814617+10:00,76
Estonia,1018,57.0,13.0,1.0,Local transmission,05/04/2020,2020-04-07 14:31:43.814617+10:00,76
Slovenia,977,43.0,22.0,2.0,Local transmission,05/04/2020,2020-04-07 14:31:43.814617+10:00,76
Lithuania,771,0.0,9.0,0.0,Local transmission,05/04/2020,2020-04-07 14:31:43.814617+10:00,76
Republic of Moldova,752,161.0,12.0,3.0,Local transmission,05/04/2020,2020-04-07 14:31:43.814617+10:00,76
Armenia,746,10.0,7.0,0.0,Local transmission,05/04/2020,2020-04-07 14:31:43.814617+10:00,76
Hungary,733,55.0,34.0,2.0,Local transmission,05/04/2020,2020-04-07 14:31:43.814617+10:00,76
"Bosnia andHerzegovina",632,46.0,21.0,3.0,Local transmission,05/04/2020,2020-04-07 14:31:43.814617+10:00,76
Kazakhstan,531,71.0,5.0,2.0,Local transmission,05/04/2020,2020-04-07 14:31:43.814617+10:00,76
Azerbaijan,512,69.0,5.0,0.0,Local transmission,05/04/2020,2020-04-07 14:31:43.814617+10:00,76
Latvia,509,16.0,1.0,0.0,Local transmission,05/04/2020,2020-04-07 14:31:43.814617+10:00,76
Bulgaria,503,18.0,17.0,3.0,Local transmission,05/04/2020,2020-04-07 14:31:43.814617+10:00,76
North Macedonia,483,53.0,17.0,5.0,Local transmission,05/04/2020,2020-04-07 14:31:43.814617+10:00,76
Slovakia,471,21.0,0.0,0.0,Local transmission,05/04/2020,2020-04-07 14:31:43.814617+10:00,76
Andorra,466,24.0,17.0,1.0,Local transmission,05/04/2020,2020-04-07 14:31:43.814617+10:00,76
Belarus,440,186.0,4.0,0.0,Local transmission,05/04/2020,2020-04-07 14:31:43.814617+10:00,76
Cyprus,426,30.0,11.0,0.0,Local transmission,05/04/2020,2020-04-07 14:31:43.814617+10:00,76
Albania,333,0.0,18.0,1.0,Local transmission,05/04/2020,2020-04-07 14:31:43.814617+10:00,76
Uzbekistan,298,57.0,2.0,0.0,Local transmission,05/04/2020,2020-04-07 14:31:43.814617+10:00,76
San Marino,259,7.0,32.0,0.0,Local transmission,05/04/2020,2020-04-07 14:31:43.814617+10:00,76
Malta,213,11.0,0.0,0.0,Local transmission,05/04/2020,2020-04-07 14:31:43.814617+10:00,76
Montenegro,197,37.0,2.0,0.0,Local transmission,05/04/2020,2020-04-07 14:31:43.814617+10:00,76
Georgia,170,13.0,1.0,1.0,Local transmission,05/04/2020,2020-04-07 14:31:43.814617+10:00,76
Kyrgyzstan,147,3.0,1.0,0.0,Local transmission,05/04/2020,2020-04-07 14:31:43.814617+10:00,76
Liechtenstein,77,1.0,1.0,1.0,Under investigation,05/04/2020,2020-04-07 14:31:43.814617+10:00,76
Monaco,37,0.0,0.0,0.0,Local transmission,05/04/2020,2020-04-07 14:31:43.814617+10:00,76
Holy See,7,0.0,0.0,0.0,Under investigation,05/04/2020,2020-04-07 14:31:43.814617+10:00,76
Faroe Islands,181,2.0,0.0,0.0,Local transmission,05/04/2020,2020-04-07 14:31:43.814617+10:00,76
Kosovo[1],140,8.0,1.0,0.0,Local transmission,05/04/2020,2020-04-07 14:31:43.814617+10:00,76
Guernsey,136,22.0,2.0,0.0,Local transmission,05/04/2020,2020-04-07 14:31:43.814617+10:00,76
Isle of Man,126,12.0,1.0,0.0,Local transmission,05/04/2020,2020-04-07 14:31:43.814617+10:00,76
Jersey,123,5.0,3.0,1.0,Local transmission,05/04/2020,2020-04-07 14:31:43.814617+10:00,76
Gibraltar,98,3.0,1.0,0.0,Local transmission,05/04/2020,2020-04-07 14:31:43.814617+10:00,76
Greenland,10,0.0,0.0,0.0,Under investigation,05/04/2020,2020-04-07 14:31:43.814617+10:00,76
India,3374,1073.0,77.0,21.0,Local transmission,05/04/2020,2020-04-07 14:31:43.814617+10:00,76
Indonesia,2092,106.0,191.0,10.0,Local transmission,05/04/2020,2020-04-07 14:31:43.814617+10:00,76
Thailand,2067,89.0,20.0,1.0,Local transmission,05/04/2020,2020-04-07 14:31:43.814617+10:00,76
Sri Lanka,159,8.0,5.0,1.0,Local transmission,05/04/2020,2020-04-07 14:31:43.814617+10:00,76
Bangladesh,70,9.0,8.0,2.0,Local transmission,05/04/2020,2020-04-07 14:31:43.814617+10:00,76
Myanmar,20,0.0,1.0,0.0,Local transmission,05/04/2020,2020-04-07 14:31:43.814617+10:00,76
Maldives,19,0.0,0.0,0.0,Local transmission,05/04/2020,2020-04-07 14:31:43.814617+10:00,76
Nepal,9,3.0,0.0,0.0,Local transmission,05/04/2020,2020-04-07 14:31:43.814617+10:00,76
Bhutan,5,0.0,0.0,0.0,Imported cases only,05/04/2020,2020-04-07 14:31:43.814617+10:00,76
Timor-Leste,1,0.0,0.0,0.0,Imported cases only,05/04/2020,2020-04-07 14:31:43.814617+10:00,76
"Iran (Islamic Republicof)",55743,2560.0,3452.0,158.0,Local transmission,05/04/2020,2020-04-07 14:31:43.814617+10:00,76
Pakistan,2880,430.0,45.0,10.0,Local transmission,05/04/2020,2020-04-07 14:31:43.814617+10:00,76
Saudi Arabia,2370,331.0,29.0,4.0,Local transmission,05/04/2020,2020-04-07 14:31:43.814617+10:00,76
United Arab Emirates,1505,241.0,10.0,1.0,Local transmission,05/04/2020,2020-04-07 14:31:43.814617+10:00,76
Qatar,1325,250.0,3.0,0.0,Local transmission,05/04/2020,2020-04-07 14:31:43.814617+10:00,76
Egypt,1070,85.0,71.0,5.0,Local transmission,05/04/2020,2020-04-07 14:31:43.814617+10:00,76
Morocco,960,116.0,66.0,16.0,Local transmission,05/04/2020,2020-04-07 14:31:43.814617+10:00,76
Iraq,878,58.0,56.0,2.0,Local transmission,05/04/2020,2020-04-07 14:31:43.814617+10:00,76
Bahrain,688,15.0,4.0,0.0,Local transmission,05/04/2020,2020-04-07 14:31:43.814617+10:00,76
Kuwait,556,77.0,1.0,0.0,Local transmission,05/04/2020,2020-04-07 14:31:43.814617+10:00,76
Tunisia,553,58.0,19.0,1.0,Local transmission,05/04/2020,2020-04-07 14:31:43.814617+10:00,76
Lebanon,527,19.0,18.0,1.0,Local transmission,05/04/2020,2020-04-07 14:31:43.814617+10:00,76
Jordan,323,13.0,5.0,0.0,Local transmission,05/04/2020,2020-04-07 14:31:43.814617+10:00,76
Afghanistan,299,29.0,7.0,2.0,Local transmission,05/04/2020,2020-04-07 14:31:43.814617+10:00,76
Oman,298,21.0,2.0,1.0,Local transmission,05/04/2020,2020-04-07 14:31:43.814617+10:00,76
Djibouti,51,1.0,0.0,0.0,Local transmission,05/04/2020,2020-04-07 14:31:43.814617+10:00,76
Libya,17,0.0,1.0,0.0,Local transmission,05/04/2020,2020-04-07 14:31:43.814617+10:00,76
Syrian Arab Republic,16,0.0,2.0,0.0,Local transmission,05/04/2020,2020-04-07 14:31:43.814617+10:00,76
Sudan,10,0.0,2.0,0.0,Local transmission,05/04/2020,2020-04-07 14:31:43.814617+10:00,76
Somalia,7,0.0,0.0,0.0,Local transmission,05/04/2020,2020-04-07 14:31:43.814617+10:00,76
"occupied Palestinianterritory",217,24.0,1.0,0.0,Local transmission,05/04/2020,2020-04-07 14:31:43.814617+10:00,76
"United States ofAmerica",273808,32105.0,7020.0,1166.0,Local transmission,05/04/2020,2020-04-07 14:31:43.814617+10:00,76
Canada,12938,1206.0,214.0,62.0,Local transmission,05/04/2020,2020-04-07 14:31:43.814617+10:00,76
Brazil,9056,1146.0,359.0,60.0,Local transmission,05/04/2020,2020-04-07 14:31:43.814617+10:00,76
Chile,4161,424.0,27.0,5.0,Local transmission,05/04/2020,2020-04-07 14:31:43.814617+10:00,76
Ecuador,3465,302.0,172.0,52.0,Local transmission,05/04/2020,2020-04-07 14:31:43.814617+10:00,76
Mexico,1688,178.0,60.0,10.0,Local transmission,05/04/2020,2020-04-07 14:31:43.814617+10:00,76
Panama,1673,198.0,41.0,4.0,Local transmission,05/04/2020,2020-04-07 14:31:43.814617+10:00,76
Peru,1595,181.0,61.0,10.0,Local transmission,05/04/2020,2020-04-07 14:31:43.814617+10:00,76
Dominican Republic,1488,0.0,68.0,0.0,Local transmission,05/04/2020,2020-04-07 14:31:43.814617+10:00,76
Argentina,1353,88.0,42.0,5.0,Local transmission,05/04/2020,2020-04-07 14:31:43.814617+10:00,76
Colombia,1267,106.0,25.0,6.0,Local transmission,05/04/2020,2020-04-07 14:31:43.814617+10:00,76
Costa Rica,416,20.0,2.0,0.0,Local transmission,05/04/2020,2020-04-07 14:31:43.814617+10:00,76
Uruguay,386,17.0,4.0,0.0,Local transmission,05/04/2020,2020-04-07 14:31:43.814617+10:00,76
Cuba,288,19.0,6.0,0.0,Local transmission,05/04/2020,2020-04-07 14:31:43.814617+10:00,76
Honduras,264,42.0,15.0,0.0,Local transmission,05/04/2020,2020-04-07 14:31:43.814617+10:00,76
"Venezuela (BolivarianRepublic of)",144,0.0,3.0,0.0,Local transmission,05/04/2020,2020-04-07 14:31:43.814617+10:00,76
"Bolivia (PlurinationalState of)",139,7.0,10.0,1.0,Local transmission,05/04/2020,2020-04-07 14:31:43.814617+10:00,76
Trinidad and Tobago,100,3.0,6.0,0.0,Local transmission,05/04/2020,2020-04-07 14:31:43.814617+10:00,76
Paraguay,96,4.0,3.0,0.0,Local transmission,05/04/2020,2020-04-07 14:31:43.814617+10:00,76
El Salvador,56,10.0,3.0,1.0,Local transmission,05/04/2020,2020-04-07 14:31:43.814617+10:00,76
Jamaica,53,6.0,3.0,0.0,Local transmission,05/04/2020,2020-04-07 14:31:43.814617+10:00,76
Barbados,51,6.0,0.0,0.0,Local transmission,05/04/2020,2020-04-07 14:31:43.814617+10:00,76
Guatemala,50,0.0,1.0,0.0,Local transmission,05/04/2020,2020-04-07 14:31:43.814617+10:00,76
Bahamas,24,0.0,3.0,0.0,Local transmission,05/04/2020,2020-04-07 14:31:43.814617+10:00,76
Guyana,23,4.0,4.0,0.0,Local transmission,05/04/2020,2020-04-07 14:31:43.814617+10:00,76
Haiti,18,0.0,0.0,0.0,Imported cases only,05/04/2020,2020-04-07 14:31:43.814617+10:00,76
Saint Lucia,13,0.0,0.0,0.0,Local transmission,05/04/2020,2020-04-07 14:31:43.814617+10:00,76
Grenada,12,2.0,0.0,0.0,Local transmission,05/04/2020,2020-04-07 14:31:43.814617+10:00,76
Dominica,11,0.0,0.0,0.0,Local transmission,05/04/2020,2020-04-07 14:31:43.814617+10:00,76
Suriname,10,0.0,0.0,0.0,Local transmission,05/04/2020,2020-04-07 14:31:43.814617+10:00,76
Saint Kitts and Nevis,9,1.0,0.0,0.0,Imported cases only,05/04/2020,2020-04-07 14:31:43.814617+10:00,76
Antigua and Barbuda,7,0.0,0.0,0.0,Imported cases only,05/04/2020,2020-04-07 14:31:43.814617+10:00,76
Nicaragua,5,0.0,1.0,0.0,Imported cases only,05/04/2020,2020-04-07 14:31:43.814617+10:00,76
Belize,4,1.0,0.0,0.0,Local transmission,05/04/2020,2020-04-07 14:31:43.814617+10:00,76
"Saint Vincent and theGrenadines",3,0.0,0.0,0.0,Imported cases only,05/04/2020,2020-04-07 14:31:43.814617+10:00,76
Puerto Rico,452,74.0,18.0,3.0,Local transmission,05/04/2020,2020-04-07 14:31:43.814617+10:00,76
Martinique,145,7.0,3.0,0.0,Local transmission,05/04/2020,2020-04-07 14:31:43.814617+10:00,76
Guadeloupe,130,0.0,7.0,0.0,Local transmission,05/04/2020,2020-04-07 14:31:43.814617+10:00,76
Aruba,64,2.0,0.0,0.0,Local transmission,05/04/2020,2020-04-07 14:31:43.814617+10:00,76
French Guiana,62,5.0,0.0,0.0,Local transmission,05/04/2020,2020-04-07 14:31:43.814617+10:00,76
"United States VirginIslands",40,3.0,0.0,0.0,Local transmission,05/04/2020,2020-04-07 14:31:43.814617+10:00,76
Bermuda,35,0.0,0.0,0.0,Local transmission,05/04/2020,2020-04-07 14:31:43.814617+10:00,76
Cayman Islands,28,0.0,1.0,0.0,Local transmission,05/04/2020,2020-04-07 14:31:43.814617+10:00,76
Saint Martin,24,2.0,2.0,0.0,Under investigation,05/04/2020,2020-04-07 14:31:43.814617+10:00,76
Sint Maarten,23,0.0,2.0,0.0,Imported cases only,05/04/2020,2020-04-07 14:31:43.814617+10:00,76
Curaçao,11,0.0,1.0,0.0,Imported cases only,05/04/2020,2020-04-07 14:31:43.814617+10:00,76
Montserrat,6,1.0,0.0,0.0,Imported cases only,05/04/2020,2020-04-07 14:31:43.814617+10:00,76
Saint Barthélemy,6,0.0,0.0,0.0,Under investigation,05/04/2020,2020-04-07 14:31:43.814617+10:00,76
"Turks and CaicosIslands",5,0.0,0.0,0.0,Local transmission,05/04/2020,2020-04-07 14:31:43.814617+10:00,76
Anguilla,3,0.0,0.0,0.0,Local transmission,05/04/2020,2020-04-07 14:31:43.814617+10:00,76
British Virgin Islands,3,0.0,0.0,0.0,Imported cases only,05/04/2020,2020-04-07 14:31:43.814617+10:00,76
"Bonaire, Sint Eustatiusand Saba",2,0.0,0.0,0.0,Imported cases only,05/04/2020,2020-04-07 14:31:43.814617+10:00,76
"Falkland Islands(Malvinas)",1,1.0,0.0,0.0,Under investigation,05/04/2020,2020-04-07 14:31:43.814617+10:00,76
South Africa,1585,80.0,9.0,2.0,Local transmission,05/04/2020,2020-04-07 14:31:43.814617+10:00,76
Algeria,1251,265.0,130.0,47.0,Local transmission,05/04/2020,2020-04-07 14:31:43.814617+10:00,76
Cameroon,555,309.0,9.0,2.0,Local transmission,05/04/2020,2020-04-07 14:31:43.814617+10:00,76
Burkina Faso,302,41,15,0.0,Local transmission,05/04/2020,2020-04-07 14:31:43.814617+10:00,76
Côte d’Ivoire,245,42,2,1.0,Local transmission,05/04/2020,2020-04-07 14:31:43.814617+10:00,76
Senegal,219,12,2,1.0,Local transmission,05/04/2020,2020-04-07 14:31:43.814617+10:00,76
Nigeria,210,20,4,2.0,Local transmission,05/04/2020,2020-04-07 14:31:43.814617+10:00,76
Ghana,205,1,5,0.0,Local transmission,05/04/2020,2020-04-07 14:31:43.814617+10:00,76
Mauritius,196,10,7,0.0,Local transmission,05/04/2020,2020-04-07 14:31:43.814617+10:00,76
Democratic Republic,148,14,16,3.0,Local transmission,05/04/2020,2020-04-07 14:31:43.814617+10:00,76
Niger,144,46,8,3.0,Local transmission,05/04/2020,2020-04-07 14:31:43.814617+10:00,76
Kenya,122,0,4,0.0,Local transmission,05/04/2020,2020-04-07 14:31:43.814617+10:00,76
Guinea,111,59,0,0.0,Local transmission,05/04/2020,2020-04-07 14:31:43.814617+10:00,76
Rwanda,102,13,0,0.0,Local transmission,05/04/2020,2020-04-07 14:31:43.814617+10:00,76
Madagascar,70,5,0,0.0,Local transmission,05/04/2020,2020-04-07 14:31:43.814617+10:00,76
Uganda,48,3,0,0.0,Local transmission,05/04/2020,2020-04-07 14:31:43.814617+10:00,76
Congo,45,4,5,2.0,Local transmission,05/04/2020,2020-04-07 14:31:43.814617+10:00,76
Togo,40,1,3,1.0,Local transmission,05/04/2020,2020-04-07 14:31:43.814617+10:00,76
Mali,39,3,4,1.0,Local transmission,05/04/2020,2020-04-07 14:31:43.814617+10:00,76
Zambia,39,0,1,0.0,Local transmission,05/04/2020,2020-04-07 14:31:43.814617+10:00,76
Ethiopia,38,3,0,0.0,Local transmission,05/04/2020,2020-04-07 14:31:43.814617+10:00,76
Gabon,21,0,1,0.0,Imported cases only,05/04/2020,2020-04-07 14:31:43.814617+10:00,76
Eritrea,20,0,0,0.0,Local transmission,05/04/2020,2020-04-07 14:31:43.814617+10:00,76
United Republic of,20,0,1,0.0,Local transmission,05/04/2020,2020-04-07 14:31:43.814617+10:00,76
Guinea-Bissau,18,3,0,0.0,Imported cases only,05/04/2020,2020-04-07 14:31:43.814617+10:00,76
Equatorial Guinea,16,1,0,0.0,Local transmission,05/04/2020,2020-04-07 14:31:43.814617+10:00,76
Namibia,14,1,0,0.0,Local transmission,05/04/2020,2020-04-07 14:31:43.814617+10:00,76
Benin,13,0,0,0.0,Imported cases only,05/04/2020,2020-04-07 14:31:43.814617+10:00,76
Angola,10,0,2,0.0,Imported cases only,05/04/2020,2020-04-07 14:31:43.814617+10:00,76
Liberia,10,3,1,1.0,Local transmission,05/04/2020,2020-04-07 14:31:43.814617+10:00,76
Mozambique,10,0,0,0.0,Local transmission,05/04/2020,2020-04-07 14:31:43.814617+10:00,76
Seychelles,10,0,0,0.0,Imported cases only,05/04/2020,2020-04-07 14:31:43.814617+10:00,76
Central African,9,1,0,0.0,Local transmission,05/04/2020,2020-04-07 14:31:43.814617+10:00,76
Eswatini,9,0,0,0.0,Imported cases only,05/04/2020,2020-04-07 14:31:43.814617+10:00,76
Zimbabwe,9,0,1,0.0,Local transmission,05/04/2020,2020-04-07 14:31:43.814617+10:00,76
Chad,7,0,0,0.0,Imported cases only,05/04/2020,2020-04-07 14:31:43.814617+10:00,76
Mauritania,6,0,1,0.0,Imported cases only,05/04/2020,2020-04-07 14:31:43.814617+10:00,76
Cabo Verde,5,0,1,0.0,Imported cases only,05/04/2020,2020-04-07 14:31:43.814617+10:00,76
Botswana,4,0,1,0.0,Imported cases only,05/04/2020,2020-04-07 14:31:43.814617+10:00,76
Gambia,4,0,1,0.0,Imported cases only,05/04/2020,2020-04-07 14:31:43.814617+10:00,76
Sierra Leone,4,2,0,0.0,Imported cases only,05/04/2020,2020-04-07 14:31:43.814617+10:00,76
Burundi,3,0,0,0.0,Local transmission,05/04/2020,2020-04-07 14:31:43.814617+10:00,76
Malawi,3,0,0,0.0,Local transmission,05/04/2020,2020-04-07 14:31:43.814617+10:00,76
Réunion,334,13,0,0.0,Local transmission,05/04/2020,2020-04-07 14:31:43.814617+10:00,76
Mayotte,147,19,2,0.0,Local transmission,05/04/2020,2020-04-07 14:31:43.814617+10:00,76
Territory/Area  †,confirmed,confirmed,deaths,new,classification§,06/04/2020,2020-04-07 14:32:22.999086+10:00,77
China,83005,75,3340,2,Local transmission,06/04/2020,2020-04-07 14:32:22.999086+10:00,77
Republic of Korea,10284,47,186,3,Local transmission,06/04/2020,2020-04-07 14:32:22.999086+10:00,77
Australia,5744,109,36,2,Local transmission,06/04/2020,2020-04-07 14:32:22.999086+10:00,77
Malaysia,3662,179,61,4,Local transmission,06/04/2020,2020-04-07 14:32:22.999086+10:00,77
Japan,3654,383,73,3,Local transmission,06/04/2020,2020-04-07 14:32:22.999086+10:00,77
Philippines,3246,152,152,8,Local transmission,06/04/2020,2020-04-07 14:32:22.999086+10:00,77
Singapore,1309,120,6,1,Local transmission,06/04/2020,2020-04-07 14:32:22.999086+10:00,77
New Zealand,911,39,1,0,Local transmission,06/04/2020,2020-04-07 14:32:22.999086+10:00,77
Viet Nam,241,1,0,0,Local transmission,06/04/2020,2020-04-07 14:32:22.999086+10:00,77
Brunei Darussalam,135,0,1,0,Local transmission,06/04/2020,2020-04-07 14:32:22.999086+10:00,77
Cambodia,114,0,0,0,Local transmission,06/04/2020,2020-04-07 14:32:22.999086+10:00,77
Mongolia,14,0,0,0,Imported cases only,06/04/2020,2020-04-07 14:32:22.999086+10:00,77
Fiji,12,0,0,0,Local transmission,06/04/2020,2020-04-07 14:32:22.999086+10:00,77
Lao People's,11,1,0,0,Local transmission,06/04/2020,2020-04-07 14:32:22.999086+10:00,77
Papua New Guinea,1,0,0,0,Imported cases only,06/04/2020,2020-04-07 14:32:22.999086+10:00,77
Guam,112,19,4,0,Local transmission,06/04/2020,2020-04-07 14:32:22.999086+10:00,77
French Polynesia,41,1,0,0,Local transmission,06/04/2020,2020-04-07 14:32:22.999086+10:00,77
New Caledonia,18,0,0,0,Local transmission,06/04/2020,2020-04-07 14:32:22.999086+10:00,77
Northern Mariana,8,0,1,0,Local transmission,06/04/2020,2020-04-07 14:32:22.999086+10:00,77
Spain,130759,6023,12418,674,Local transmission,06/04/2020,2020-04-07 14:32:22.999086+10:00,77
Italy,128948,4316,15889,527,Local transmission,06/04/2020,2020-04-07 14:32:22.999086+10:00,77
Germany,95391,3677,1434,92,Local transmission,06/04/2020,2020-04-07 14:32:22.999086+10:00,77
France,69607,1850,8064,518,Local transmission,06/04/2020,2020-04-07 14:32:22.999086+10:00,77
The United Kingdom,47810,5903,4934,621,Local transmission,06/04/2020,2020-04-07 14:32:22.999086+10:00,77
Turkey,27069,3135,574,73,Local transmission,06/04/2020,2020-04-07 14:32:22.999086+10:00,77
Switzerland,21065,576,715,49,Local transmission,06/04/2020,2020-04-07 14:32:22.999086+10:00,77
Belgium,19691,1260,1447,164,Local transmission,06/04/2020,2020-04-07 14:32:22.999086+10:00,77
Netherlands,17851,1224,1766,115,Local transmission,06/04/2020,2020-04-07 14:32:22.999086+10:00,77
Austria,11983,217,204,18,Local transmission,06/04/2020,2020-04-07 14:32:22.999086+10:00,77
Portugal,11278,754,295,29,Local transmission,06/04/2020,2020-04-07 14:32:22.999086+10:00,77
Israel,8018,429,46,4,Local transmission,06/04/2020,2020-04-07 14:32:22.999086+10:00,77
Sweden,6830,387,401,28,Local transmission,06/04/2020,2020-04-07 14:32:22.999086+10:00,77
Norway,5640,130,58,8,Local transmission,06/04/2020,2020-04-07 14:32:22.999086+10:00,77
Russian Federation,5389,658,45,2,Local transmission,06/04/2020,2020-04-07 14:32:22.999086+10:00,77
Ireland,5111,507,158,21,Local transmission,06/04/2020,2020-04-07 14:32:22.999086+10:00,77
Czechia,4587,115.0,67.0,8.0,Local transmission,06/04/2020,2020-04-07 14:32:22.999086+10:00,77
Denmark,4369,292.0,179.0,18.0,Local transmission,06/04/2020,2020-04-07 14:32:22.999086+10:00,77
Poland,4102,475.0,94.0,15.0,Local transmission,06/04/2020,2020-04-07 14:32:22.999086+10:00,77
Romania,3864,251.0,148.0,7.0,Local transmission,06/04/2020,2020-04-07 14:32:22.999086+10:00,77
Luxembourg,2804,75.0,36.0,5.0,Local transmission,06/04/2020,2020-04-07 14:32:22.999086+10:00,77
Finland,1927,45.0,28.0,3.0,Local transmission,06/04/2020,2020-04-07 14:32:22.999086+10:00,77
Serbia,1908,284.0,51.0,12.0,Local transmission,06/04/2020,2020-04-07 14:32:22.999086+10:00,77
Greece,1735,62.0,73.0,5.0,Local transmission,06/04/2020,2020-04-07 14:32:22.999086+10:00,77
Iceland,1486,69.0,4.0,0.0,Local transmission,06/04/2020,2020-04-07 14:32:22.999086+10:00,77
Ukraine,1319,68.0,38.0,6.0,Local transmission,06/04/2020,2020-04-07 14:32:22.999086+10:00,77
Croatia,1182,56.0,15.0,3.0,Local transmission,06/04/2020,2020-04-07 14:32:22.999086+10:00,77
Estonia,1097,79.0,15.0,2.0,Local transmission,06/04/2020,2020-04-07 14:32:22.999086+10:00,77
Slovenia,997,20.0,28.0,6.0,Local transmission,06/04/2020,2020-04-07 14:32:22.999086+10:00,77
Republic of Moldova,864,112.0,15.0,3.0,Local transmission,06/04/2020,2020-04-07 14:32:22.999086+10:00,77
Lithuania,811,40.0,13.0,4.0,Local transmission,06/04/2020,2020-04-07 14:32:22.999086+10:00,77
Armenia,746,0.0,7.0,0.0,Local transmission,06/04/2020,2020-04-07 14:32:22.999086+10:00,77
Hungary,744,11.0,38.0,4.0,Local transmission,06/04/2020,2020-04-07 14:32:22.999086+10:00,77
"Bosnia andHerzegovina",662,30.0,21.0,0.0,Local transmission,06/04/2020,2020-04-07 14:32:22.999086+10:00,77
Kazakhstan,604,73.0,5.0,0.0,Local transmission,06/04/2020,2020-04-07 14:32:22.999086+10:00,77
Azerbaijan,584,72.0,5.0,0.0,Local transmission,06/04/2020,2020-04-07 14:32:22.999086+10:00,77
Belarus,562,122.0,8.0,4.0,Local transmission,06/04/2020,2020-04-07 14:32:22.999086+10:00,77
North Macedonia,555,72.0,18.0,1.0,Local transmission,06/04/2020,2020-04-07 14:32:22.999086+10:00,77
Latvia,533,24.0,1.0,0.0,Local transmission,06/04/2020,2020-04-07 14:32:22.999086+10:00,77
Bulgaria,531,28.0,20.0,3.0,Local transmission,06/04/2020,2020-04-07 14:32:22.999086+10:00,77
Andorra,523,57.0,17.0,0.0,Local transmission,06/04/2020,2020-04-07 14:32:22.999086+10:00,77
Slovakia,485,14.0,0.0,0.0,Local transmission,06/04/2020,2020-04-07 14:32:22.999086+10:00,77
Cyprus,446,20.0,14.0,3.0,Local transmission,06/04/2020,2020-04-07 14:32:22.999086+10:00,77
Uzbekistan,390,92.0,2.0,0.0,Local transmission,06/04/2020,2020-04-07 14:32:22.999086+10:00,77
Albania,377,44.0,21.0,3.0,Local transmission,06/04/2020,2020-04-07 14:32:22.999086+10:00,77
San Marino,266,7.0,32.0,0.0,Local transmission,06/04/2020,2020-04-07 14:32:22.999086+10:00,77
Malta,234,21.0,0.0,0.0,Local transmission,06/04/2020,2020-04-07 14:32:22.999086+10:00,77
Kyrgyzstan,216,69.0,4.0,3.0,Local transmission,06/04/2020,2020-04-07 14:32:22.999086+10:00,77
Montenegro,203,6.0,2.0,0.0,Local transmission,06/04/2020,2020-04-07 14:32:22.999086+10:00,77
Georgia,188,18.0,2.0,1.0,Local transmission,06/04/2020,2020-04-07 14:32:22.999086+10:00,77
Liechtenstein,78,1.0,1.0,0.0,Under investigation,06/04/2020,2020-04-07 14:32:22.999086+10:00,77
Monaco,37,0.0,0.0,0.0,Local transmission,06/04/2020,2020-04-07 14:32:22.999086+10:00,77
Holy See,7,0.0,0.0,0.0,Under investigation,06/04/2020,2020-04-07 14:32:22.999086+10:00,77
Faroe Islands,181,0.0,0.0,0.0,Local transmission,06/04/2020,2020-04-07 14:32:22.999086+10:00,77
Jersey,155,32.0,3.0,0.0,Local transmission,06/04/2020,2020-04-07 14:32:22.999086+10:00,77
Guernsey,154,18.0,3.0,1.0,Local transmission,06/04/2020,2020-04-07 14:32:22.999086+10:00,77
Kosovo[1],145,5.0,1.0,0.0,Local transmission,06/04/2020,2020-04-07 14:32:22.999086+10:00,77
Isle of Man,127,1.0,1.0,0.0,Local transmission,06/04/2020,2020-04-07 14:32:22.999086+10:00,77
Gibraltar,103,5.0,1.0,0.0,Local transmission,06/04/2020,2020-04-07 14:32:22.999086+10:00,77
Greenland,11,1.0,0.0,0.0,Under investigation,06/04/2020,2020-04-07 14:32:22.999086+10:00,77
India,4067,693.0,109.0,32.0,Local transmission,06/04/2020,2020-04-07 14:32:22.999086+10:00,77
Indonesia,2273,181.0,198.0,7.0,Local transmission,06/04/2020,2020-04-07 14:32:22.999086+10:00,77
Thailand,2169,102.0,23.0,3.0,Local transmission,06/04/2020,2020-04-07 14:32:22.999086+10:00,77
Sri Lanka,176,17.0,5.0,0.0,Local transmission,06/04/2020,2020-04-07 14:32:22.999086+10:00,77
Bangladesh,88,18.0,8.0,0.0,Local transmission,06/04/2020,2020-04-07 14:32:22.999086+10:00,77
Myanmar,21,1.0,1.0,0.0,Local transmission,06/04/2020,2020-04-07 14:32:22.999086+10:00,77
Maldives,19,0.0,0.0,0.0,Local transmission,06/04/2020,2020-04-07 14:32:22.999086+10:00,77
Nepal,9,0.0,0.0,0.0,Local transmission,06/04/2020,2020-04-07 14:32:22.999086+10:00,77
Bhutan,5,0.0,0.0,0.0,Imported cases only,06/04/2020,2020-04-07 14:32:22.999086+10:00,77
Timor-Leste,1,0.0,0.0,0.0,Imported cases only,06/04/2020,2020-04-07 14:32:22.999086+10:00,77
"Iran (Islamic Republicof)",58226,2483.0,3603.0,151.0,Local transmission,06/04/2020,2020-04-07 14:32:22.999086+10:00,77
Pakistan,3277,397.0,50.0,5.0,Local transmission,06/04/2020,2020-04-07 14:32:22.999086+10:00,77
Saudi Arabia,2463,93.0,34.0,5.0,Local transmission,06/04/2020,2020-04-07 14:32:22.999086+10:00,77
United Arab Emirates,1799,294.0,10.0,0.0,Local transmission,06/04/2020,2020-04-07 14:32:22.999086+10:00,77
Qatar,1604,279.0,4.0,1.0,Local transmission,06/04/2020,2020-04-07 14:32:22.999086+10:00,77
Egypt,1173,103.0,78.0,7.0,Local transmission,06/04/2020,2020-04-07 14:32:22.999086+10:00,77
Morocco,1113,153.0,71.0,5.0,Local transmission,06/04/2020,2020-04-07 14:32:22.999086+10:00,77
Iraq,961,83.0,61.0,5.0,Local transmission,06/04/2020,2020-04-07 14:32:22.999086+10:00,77
Bahrain,700,12.0,4.0,0.0,Local transmission,06/04/2020,2020-04-07 14:32:22.999086+10:00,77
Tunisia,574,21.0,22.0,3.0,Local transmission,06/04/2020,2020-04-07 14:32:22.999086+10:00,77
Kuwait,556,0.0,1.0,0.0,Local transmission,06/04/2020,2020-04-07 14:32:22.999086+10:00,77
Lebanon,527,0.0,18.0,0.0,Local transmission,06/04/2020,2020-04-07 14:32:22.999086+10:00,77
Jordan,345,22.0,5.0,0.0,Local transmission,06/04/2020,2020-04-07 14:32:22.999086+10:00,77
Afghanistan,337,38.0,7.0,0.0,Local transmission,06/04/2020,2020-04-07 14:32:22.999086+10:00,77
Oman,331,33.0,2.0,0.0,Local transmission,06/04/2020,2020-04-07 14:32:22.999086+10:00,77
Djibouti,59,8.0,0.0,0.0,Local transmission,06/04/2020,2020-04-07 14:32:22.999086+10:00,77
Syrian Arab Republic,19,3.0,2.0,0.0,Local transmission,06/04/2020,2020-04-07 14:32:22.999086+10:00,77
Libya,18,1.0,1.0,0.0,Local transmission,06/04/2020,2020-04-07 14:32:22.999086+10:00,77
Sudan,12,2.0,2.0,0.0,Local transmission,06/04/2020,2020-04-07 14:32:22.999086+10:00,77
Somalia,7,0.0,0.0,0.0,Local transmission,06/04/2020,2020-04-07 14:32:22.999086+10:00,77
"occupied Palestinianterritory",246,29.0,1.0,0.0,Local transmission,06/04/2020,2020-04-07 14:32:22.999086+10:00,77
"United States ofAmerica",307318,33510.0,8358.0,1338.0,Local transmission,06/04/2020,2020-04-07 14:32:22.999086+10:00,77
Canada,13904,966.0,231.0,17.0,Local transmission,06/04/2020,2020-04-07 14:32:22.999086+10:00,77
Brazil,10278,1222.0,432.0,73.0,Local transmission,06/04/2020,2020-04-07 14:32:22.999086+10:00,77
Chile,4471,310.0,34.0,7.0,Local transmission,06/04/2020,2020-04-07 14:32:22.999086+10:00,77
Ecuador,3465,0.0,172.0,0.0,Local transmission,06/04/2020,2020-04-07 14:32:22.999086+10:00,77
Mexico,1890,202.0,79.0,19.0,Local transmission,06/04/2020,2020-04-07 14:32:22.999086+10:00,77
Panama,1801,128.0,46.0,5.0,Local transmission,06/04/2020,2020-04-07 14:32:22.999086+10:00,77
Peru,1746,151.0,73.0,12.0,Local transmission,06/04/2020,2020-04-07 14:32:22.999086+10:00,77
Dominican Republic,1488,0.0,68.0,0.0,Local transmission,06/04/2020,2020-04-07 14:32:22.999086+10:00,77
Argentina,1451,98.0,44.0,2.0,Local transmission,06/04/2020,2020-04-07 14:32:22.999086+10:00,77
Colombia,1406,139.0,32.0,7.0,Local transmission,06/04/2020,2020-04-07 14:32:22.999086+10:00,77
Costa Rica,435,19.0,2.0,0.0,Local transmission,06/04/2020,2020-04-07 14:32:22.999086+10:00,77
Uruguay,400,14.0,5.0,1.0,Local transmission,06/04/2020,2020-04-07 14:32:22.999086+10:00,77
Cuba,320,32.0,8.0,2.0,Local transmission,06/04/2020,2020-04-07 14:32:22.999086+10:00,77
Honduras,268,4.0,22.0,7.0,Local transmission,06/04/2020,2020-04-07 14:32:22.999086+10:00,77
"Bolivia (PlurinationalState of)",157,18.0,10.0,0.0,Local transmission,06/04/2020,2020-04-07 14:32:22.999086+10:00,77
"Venezuela (BolivarianRepublic of)",144,0.0,3.0,0.0,Local transmission,06/04/2020,2020-04-07 14:32:22.999086+10:00,77
Paraguay,104,8.0,3.0,0.0,Local transmission,06/04/2020,2020-04-07 14:32:22.999086+10:00,77
Trinidad and Tobago,103,3.0,6.0,0.0,Local transmission,06/04/2020,2020-04-07 14:32:22.999086+10:00,77
El Salvador,62,6.0,3.0,0.0,Local transmission,06/04/2020,2020-04-07 14:32:22.999086+10:00,77
Guatemala,61,11.0,2.0,1.0,Local transmission,06/04/2020,2020-04-07 14:32:22.999086+10:00,77
Jamaica,55,2.0,3.0,0.0,Local transmission,06/04/2020,2020-04-07 14:32:22.999086+10:00,77
Barbados,51,0.0,0.0,0.0,Local transmission,06/04/2020,2020-04-07 14:32:22.999086+10:00,77
Bahamas,28,4.0,4.0,1.0,Local transmission,06/04/2020,2020-04-07 14:32:22.999086+10:00,77
Guyana,24,1.0,4.0,0.0,Local transmission,06/04/2020,2020-04-07 14:32:22.999086+10:00,77
Haiti,21,3.0,0.0,0.0,Imported cases only,06/04/2020,2020-04-07 14:32:22.999086+10:00,77
Saint Lucia,14,1.0,0.0,0.0,Local transmission,06/04/2020,2020-04-07 14:32:22.999086+10:00,77
Grenada,12,0.0,0.0,0.0,Local transmission,06/04/2020,2020-04-07 14:32:22.999086+10:00,77
Dominica,11,0.0,0.0,0.0,Local transmission,06/04/2020,2020-04-07 14:32:22.999086+10:00,77
Suriname,10,0.0,0.0,0.0,Local transmission,06/04/2020,2020-04-07 14:32:22.999086+10:00,77
Saint Kitts and Nevis,9,0.0,0.0,0.0,Imported cases only,06/04/2020,2020-04-07 14:32:22.999086+10:00,77
Antigua and Barbuda,7,0.0,0.0,0.0,Local transmission,06/04/2020,2020-04-07 14:32:22.999086+10:00,77
Belize,5,1.0,0.0,0.0,Local transmission,06/04/2020,2020-04-07 14:32:22.999086+10:00,77
Nicaragua,5,0.0,1.0,0.0,Imported cases only,06/04/2020,2020-04-07 14:32:22.999086+10:00,77
"Saint Vincent and theGrenadines",3,0.0,0.0,0.0,Imported cases only,06/04/2020,2020-04-07 14:32:22.999086+10:00,77
Puerto Rico,452,0.0,18.0,0.0,Local transmission,06/04/2020,2020-04-07 14:32:22.999086+10:00,77
Martinique,145,0.0,3.0,0.0,Local transmission,06/04/2020,2020-04-07 14:32:22.999086+10:00,77
Guadeloupe,134,4.0,7.0,0.0,Local transmission,06/04/2020,2020-04-07 14:32:22.999086+10:00,77
French Guiana,66,4.0,0.0,0.0,Local transmission,06/04/2020,2020-04-07 14:32:22.999086+10:00,77
Aruba,64,0.0,0.0,0.0,Local transmission,06/04/2020,2020-04-07 14:32:22.999086+10:00,77
"United States VirginIslands",42,2.0,0.0,0.0,Local transmission,06/04/2020,2020-04-07 14:32:22.999086+10:00,77
Bermuda,37,2.0,0.0,0.0,Local transmission,06/04/2020,2020-04-07 14:32:22.999086+10:00,77
Cayman Islands,35,7.0,1.0,0.0,Local transmission,06/04/2020,2020-04-07 14:32:22.999086+10:00,77
Saint Martin,29,5.0,2.0,0.0,Under investigation,06/04/2020,2020-04-07 14:32:22.999086+10:00,77
Sint Maarten,23,0.0,2.0,0.0,Imported cases only,06/04/2020,2020-04-07 14:32:22.999086+10:00,77
Curaçao,11,0.0,1.0,0.0,Imported cases only,06/04/2020,2020-04-07 14:32:22.999086+10:00,77
Montserrat,6,0.0,0.0,0.0,Imported cases only,06/04/2020,2020-04-07 14:32:22.999086+10:00,77
Saint Barthélemy,6,0.0,0.0,0.0,Under investigation,06/04/2020,2020-04-07 14:32:22.999086+10:00,77
"Turks and CaicosIslands",5,0.0,1.0,1.0,Local transmission,06/04/2020,2020-04-07 14:32:22.999086+10:00,77
Anguilla,3,0.0,0.0,0.0,Local transmission,06/04/2020,2020-04-07 14:32:22.999086+10:00,77
British Virgin Islands,3,0.0,0.0,0.0,Imported cases only,06/04/2020,2020-04-07 14:32:22.999086+10:00,77
"Bonaire, Sint Eustatiusand Saba",2,0.0,0.0,0.0,Imported cases only,06/04/2020,2020-04-07 14:32:22.999086+10:00,77
"Falkland Islands(Malvinas)",2,1.0,0.0,0.0,Under investigation,06/04/2020,2020-04-07 14:32:22.999086+10:00,77
South Africa,1655,70.0,11.0,2.0,Local transmission,06/04/2020,2020-04-07 14:32:22.999086+10:00,77
Algeria,1251,0.0,130.0,0.0,Local transmission,06/04/2020,2020-04-07 14:32:22.999086+10:00,77
Cameroon,555,0.0,9.0,0.0,Local transmission,06/04/2020,2020-04-07 14:32:22.999086+10:00,77
